LAUS Code,State FIPS Code,County FIPS Code,County/State,County FIPS Year,County Labor Force,County Labor Employed,County Labor Unemployed,Unemployment Rate (%)
CN1600100000000,16,1.0,"Ada County, ID",2000.0,169932.0,164171.0,5761.0,3.4
CN1600300000000,16,3.0,"Adams County, ID",2000.0,1920.0,1728.0,192.0,10.0
CN1600500000000,16,5.0,"Bannock County, ID",2000.0,38180.0,36401.0,1779.0,4.7
CN1600700000000,16,7.0,"Bear Lake County, ID",2000.0,2947.0,2802.0,145.0,4.9
CN1600900000000,16,9.0,"Benewah County, ID",2000.0,4003.0,3560.0,443.0,11.1
CN1601100000000,16,11.0,"Bingham County, ID",2000.0,19688.0,18819.0,869.0,4.4
CN1601300000000,16,13.0,"Blaine County, ID",2000.0,11800.0,11380.0,420.0,3.6
CN1601500000000,16,15.0,"Boise County, ID",2000.0,3418.0,3250.0,168.0,4.9
CN1601700000000,16,17.0,"Bonner County, ID",2000.0,17617.0,16256.0,1361.0,7.7
CN1601900000000,16,19.0,"Bonneville County, ID",2000.0,41423.0,40005.0,1418.0,3.4
CN1602100000000,16,21.0,"Boundary County, ID",2000.0,4195.0,3870.0,325.0,7.7
CN1602300000000,16,23.0,"Butte County, ID",2000.0,1443.0,1380.0,63.0,4.4
CN1602500000000,16,25.0,"Camas County, ID",2000.0,535.0,515.0,20.0,3.7
CN1602700000000,16,27.0,"Canyon County, ID",2000.0,65786.0,62838.0,2948.0,4.5
CN1602900000000,16,29.0,"Caribou County, ID",2000.0,3259.0,3092.0,167.0,5.1
CN1603100000000,16,31.0,"Cassia County, ID",2000.0,10262.0,9753.0,509.0,5.0
CN1603300000000,16,33.0,"Clark County, ID",2000.0,529.0,501.0,28.0,5.3
CN1603500000000,16,35.0,"Clearwater County, ID",2000.0,3691.0,3202.0,489.0,13.2
CN1603700000000,16,37.0,"Custer County, ID",2000.0,2591.0,2446.0,145.0,5.6
CN1603900000000,16,39.0,"Elmore County, ID",2000.0,10598.0,9990.0,608.0,5.7
CN1604100000000,16,41.0,"Franklin County, ID",2000.0,5205.0,5036.0,169.0,3.2
CN1604300000000,16,43.0,"Fremont County, ID",2000.0,5625.0,5353.0,272.0,4.8
CN1604500000000,16,45.0,"Gem County, ID",2000.0,7012.0,6652.0,360.0,5.1
CN1604700000000,16,47.0,"Gooding County, ID",2000.0,7075.0,6803.0,272.0,3.8
CN1604900000000,16,49.0,"Idaho County, ID",2000.0,6953.0,6366.0,587.0,8.4
CN1605100000000,16,51.0,"Jefferson County, ID",2000.0,8989.0,8650.0,339.0,3.8
CN1605300000000,16,53.0,"Jerome County, ID",2000.0,9136.0,8737.0,399.0,4.4
CN1605500000000,16,55.0,"Kootenai County, ID",2000.0,56292.0,52720.0,3572.0,6.3
CN1605700000000,16,57.0,"Latah County, ID",2000.0,17577.0,16826.0,751.0,4.3
CN1605900000000,16,59.0,"Lemhi County, ID",2000.0,3808.0,3502.0,306.0,8.0
CN1606100000000,16,61.0,"Lewis County, ID",2000.0,1745.0,1631.0,114.0,6.5
CN1606300000000,16,63.0,"Lincoln County, ID",2000.0,2157.0,2062.0,95.0,4.4
CN1606500000000,16,65.0,"Madison County, ID",2000.0,12693.0,12243.0,450.0,3.5
CN1606700000000,16,67.0,"Minidoka County, ID",2000.0,10131.0,9550.0,581.0,5.7
CN1606900000000,16,69.0,"Nez Perce County, ID",2000.0,18878.0,17890.0,988.0,5.2
CN1607100000000,16,71.0,"Oneida County, ID",2000.0,1983.0,1915.0,68.0,3.4
CN1607300000000,16,73.0,"Owyhee County, ID",2000.0,4775.0,4588.0,187.0,3.9
CN1607500000000,16,75.0,"Payette County, ID",2000.0,9789.0,9126.0,663.0,6.8
CN1607700000000,16,77.0,"Power County, ID",2000.0,3591.0,3384.0,207.0,5.8
CN1607900000000,16,79.0,"Shoshone County, ID",2000.0,6036.0,5441.0,595.0,9.9
CN1608100000000,16,81.0,"Teton County, ID",2000.0,3652.0,3544.0,108.0,3.0
CN1608300000000,16,83.0,"Twin Falls County, ID",2000.0,33608.0,32192.0,1416.0,4.2
CN1608500000000,16,85.0,"Valley County, ID",2000.0,4111.0,3834.0,277.0,6.7
CN1608700000000,16,87.0,"Washington County, ID",2000.0,5196.0,4843.0,353.0,6.8
CN1600100000000,16,1.0,"Ada County, ID",2001.0,175653.0,168876.0,6777.0,3.9
CN1600300000000,16,3.0,"Adams County, ID",2001.0,1954.0,1734.0,220.0,11.3
CN1600500000000,16,5.0,"Bannock County, ID",2001.0,37879.0,35999.0,1880.0,5.0
CN1600700000000,16,7.0,"Bear Lake County, ID",2001.0,2970.0,2831.0,139.0,4.7
CN1600900000000,16,9.0,"Benewah County, ID",2001.0,4036.0,3612.0,424.0,10.5
CN1601100000000,16,11.0,"Bingham County, ID",2001.0,19962.0,19014.0,948.0,4.7
CN1601300000000,16,13.0,"Blaine County, ID",2001.0,12428.0,12003.0,425.0,3.4
CN1601500000000,16,15.0,"Boise County, ID",2001.0,3464.0,3323.0,141.0,4.1
CN1601700000000,16,17.0,"Bonner County, ID",2001.0,18079.0,16639.0,1440.0,8.0
CN1601900000000,16,19.0,"Bonneville County, ID",2001.0,42667.0,41124.0,1543.0,3.6
CN1602100000000,16,21.0,"Boundary County, ID",2001.0,4041.0,3661.0,380.0,9.4
CN1602300000000,16,23.0,"Butte County, ID",2001.0,1460.0,1396.0,64.0,4.4
CN1602500000000,16,25.0,"Camas County, ID",2001.0,562.0,541.0,21.0,3.7
CN1602700000000,16,27.0,"Canyon County, ID",2001.0,69061.0,65478.0,3583.0,5.2
CN1602900000000,16,29.0,"Caribou County, ID",2001.0,3431.0,3246.0,185.0,5.4
CN1603100000000,16,31.0,"Cassia County, ID",2001.0,10334.0,9834.0,500.0,4.8
CN1603300000000,16,33.0,"Clark County, ID",2001.0,559.0,529.0,30.0,5.4
CN1603500000000,16,35.0,"Clearwater County, ID",2001.0,3567.0,3040.0,527.0,14.8
CN1603700000000,16,37.0,"Custer County, ID",2001.0,2692.0,2524.0,168.0,6.2
CN1603900000000,16,39.0,"Elmore County, ID",2001.0,10960.0,10333.0,627.0,5.7
CN1604100000000,16,41.0,"Franklin County, ID",2001.0,5446.0,5234.0,212.0,3.9
CN1604300000000,16,43.0,"Fremont County, ID",2001.0,5874.0,5601.0,273.0,4.6
CN1604500000000,16,45.0,"Gem County, ID",2001.0,7227.0,6728.0,499.0,6.9
CN1604700000000,16,47.0,"Gooding County, ID",2001.0,7107.0,6827.0,280.0,3.9
CN1604900000000,16,49.0,"Idaho County, ID",2001.0,7017.0,6404.0,613.0,8.7
CN1605100000000,16,51.0,"Jefferson County, ID",2001.0,9211.0,8846.0,365.0,4.0
CN1605300000000,16,53.0,"Jerome County, ID",2001.0,9315.0,8927.0,388.0,4.2
CN1605500000000,16,55.0,"Kootenai County, ID",2001.0,59387.0,55189.0,4198.0,7.1
CN1605700000000,16,57.0,"Latah County, ID",2001.0,17409.0,16642.0,767.0,4.4
CN1605900000000,16,59.0,"Lemhi County, ID",2001.0,3888.0,3596.0,292.0,7.5
CN1606100000000,16,61.0,"Lewis County, ID",2001.0,1710.0,1587.0,123.0,7.2
CN1606300000000,16,63.0,"Lincoln County, ID",2001.0,2229.0,2138.0,91.0,4.1
CN1606500000000,16,65.0,"Madison County, ID",2001.0,13161.0,12738.0,423.0,3.2
CN1606700000000,16,67.0,"Minidoka County, ID",2001.0,9870.0,9308.0,562.0,5.7
CN1606900000000,16,69.0,"Nez Perce County, ID",2001.0,19605.0,18540.0,1065.0,5.4
CN1607100000000,16,71.0,"Oneida County, ID",2001.0,2001.0,1928.0,73.0,3.6
CN1607300000000,16,73.0,"Owyhee County, ID",2001.0,4875.0,4671.0,204.0,4.2
CN1607500000000,16,75.0,"Payette County, ID",2001.0,9927.0,9133.0,794.0,8.0
CN1607700000000,16,77.0,"Power County, ID",2001.0,3529.0,3324.0,205.0,5.8
CN1607900000000,16,79.0,"Shoshone County, ID",2001.0,5755.0,5039.0,716.0,12.4
CN1608100000000,16,81.0,"Teton County, ID",2001.0,3833.0,3732.0,101.0,2.6
CN1608300000000,16,83.0,"Twin Falls County, ID",2001.0,34414.0,32946.0,1468.0,4.3
CN1608500000000,16,85.0,"Valley County, ID",2001.0,4036.0,3724.0,312.0,7.7
CN1608700000000,16,87.0,"Washington County, ID",2001.0,5079.0,4742.0,337.0,6.6
CN1600100000000,16,1.0,"Ada County, ID",2002.0,175742.0,167437.0,8305.0,4.7
CN1600300000000,16,3.0,"Adams County, ID",2002.0,1874.0,1649.0,225.0,12.0
CN1600500000000,16,5.0,"Bannock County, ID",2002.0,38701.0,36417.0,2284.0,5.9
CN1600700000000,16,7.0,"Bear Lake County, ID",2002.0,2885.0,2737.0,148.0,5.1
CN1600900000000,16,9.0,"Benewah County, ID",2002.0,4024.0,3572.0,452.0,11.2
CN1601100000000,16,11.0,"Bingham County, ID",2002.0,20285.0,19350.0,935.0,4.6
CN1601300000000,16,13.0,"Blaine County, ID",2002.0,12917.0,12395.0,522.0,4.0
CN1601500000000,16,15.0,"Boise County, ID",2002.0,3457.0,3286.0,171.0,4.9
CN1601700000000,16,17.0,"Bonner County, ID",2002.0,18612.0,17110.0,1502.0,8.1
CN1601900000000,16,19.0,"Bonneville County, ID",2002.0,43647.0,42001.0,1646.0,3.8
CN1602100000000,16,21.0,"Boundary County, ID",2002.0,4056.0,3696.0,360.0,8.9
CN1602300000000,16,23.0,"Butte County, ID",2002.0,1358.0,1293.0,65.0,4.8
CN1602500000000,16,25.0,"Camas County, ID",2002.0,578.0,559.0,19.0,3.3
CN1602700000000,16,27.0,"Canyon County, ID",2002.0,70787.0,66409.0,4378.0,6.2
CN1602900000000,16,29.0,"Caribou County, ID",2002.0,3369.0,3144.0,225.0,6.7
CN1603100000000,16,31.0,"Cassia County, ID",2002.0,10340.0,9791.0,549.0,5.3
CN1603300000000,16,33.0,"Clark County, ID",2002.0,504.0,474.0,30.0,6.0
CN1603500000000,16,35.0,"Clearwater County, ID",2002.0,3495.0,3022.0,473.0,13.5
CN1603700000000,16,37.0,"Custer County, ID",2002.0,2562.0,2394.0,168.0,6.6
CN1603900000000,16,39.0,"Elmore County, ID",2002.0,10960.0,10236.0,724.0,6.6
CN1604100000000,16,41.0,"Franklin County, ID",2002.0,5724.0,5465.0,259.0,4.5
CN1604300000000,16,43.0,"Fremont County, ID",2002.0,5880.0,5608.0,272.0,4.6
CN1604500000000,16,45.0,"Gem County, ID",2002.0,7108.0,6584.0,524.0,7.4
CN1604700000000,16,47.0,"Gooding County, ID",2002.0,7243.0,6959.0,284.0,3.9
CN1604900000000,16,49.0,"Idaho County, ID",2002.0,7089.0,6476.0,613.0,8.6
CN1605100000000,16,51.0,"Jefferson County, ID",2002.0,9465.0,9084.0,381.0,4.0
CN1605300000000,16,53.0,"Jerome County, ID",2002.0,9604.0,9186.0,418.0,4.4
CN1605500000000,16,55.0,"Kootenai County, ID",2002.0,60344.0,56010.0,4334.0,7.2
CN1605700000000,16,57.0,"Latah County, ID",2002.0,16641.0,15871.0,770.0,4.6
CN1605900000000,16,59.0,"Lemhi County, ID",2002.0,3818.0,3528.0,290.0,7.6
CN1606100000000,16,61.0,"Lewis County, ID",2002.0,1753.0,1645.0,108.0,6.2
CN1606300000000,16,63.0,"Lincoln County, ID",2002.0,2293.0,2173.0,120.0,5.2
CN1606500000000,16,65.0,"Madison County, ID",2002.0,13791.0,13365.0,426.0,3.1
CN1606700000000,16,67.0,"Minidoka County, ID",2002.0,9838.0,9212.0,626.0,6.4
CN1606900000000,16,69.0,"Nez Perce County, ID",2002.0,19406.0,18376.0,1030.0,5.3
CN1607100000000,16,71.0,"Oneida County, ID",2002.0,1948.0,1868.0,80.0,4.1
CN1607300000000,16,73.0,"Owyhee County, ID",2002.0,4748.0,4533.0,215.0,4.5
CN1607500000000,16,75.0,"Payette County, ID",2002.0,10069.0,9222.0,847.0,8.4
CN1607700000000,16,77.0,"Power County, ID",2002.0,3563.0,3336.0,227.0,6.4
CN1607900000000,16,79.0,"Shoshone County, ID",2002.0,5463.0,4791.0,672.0,12.3
CN1608100000000,16,81.0,"Teton County, ID",2002.0,4023.0,3888.0,135.0,3.4
CN1608300000000,16,83.0,"Twin Falls County, ID",2002.0,35494.0,33960.0,1534.0,4.3
CN1608500000000,16,85.0,"Valley County, ID",2002.0,4014.0,3678.0,336.0,8.4
CN1608700000000,16,87.0,"Washington County, ID",2002.0,5117.0,4761.0,356.0,7.0
CN1600100000000,16,1.0,"Ada County, ID",2003.0,177056.0,168453.0,8603.0,4.9
CN1600300000000,16,3.0,"Adams County, ID",2003.0,1867.0,1635.0,232.0,12.4
CN1600500000000,16,5.0,"Bannock County, ID",2003.0,39448.0,37355.0,2093.0,5.3
CN1600700000000,16,7.0,"Bear Lake County, ID",2003.0,2895.0,2730.0,165.0,5.7
CN1600900000000,16,9.0,"Benewah County, ID",2003.0,3963.0,3524.0,439.0,11.1
CN1601100000000,16,11.0,"Bingham County, ID",2003.0,20205.0,19252.0,953.0,4.7
CN1601300000000,16,13.0,"Blaine County, ID",2003.0,12674.0,12117.0,557.0,4.4
CN1601500000000,16,15.0,"Boise County, ID",2003.0,3530.0,3333.0,197.0,5.6
CN1601700000000,16,17.0,"Bonner County, ID",2003.0,18533.0,17087.0,1446.0,7.8
CN1601900000000,16,19.0,"Bonneville County, ID",2003.0,45703.0,43994.0,1709.0,3.7
CN1602100000000,16,21.0,"Boundary County, ID",2003.0,4204.0,3822.0,382.0,9.1
CN1602300000000,16,23.0,"Butte County, ID",2003.0,1316.0,1231.0,85.0,6.5
CN1602500000000,16,25.0,"Camas County, ID",2003.0,564.0,534.0,30.0,5.3
CN1602700000000,16,27.0,"Canyon County, ID",2003.0,73260.0,68544.0,4716.0,6.4
CN1602900000000,16,29.0,"Caribou County, ID",2003.0,3405.0,3172.0,233.0,6.8
CN1603100000000,16,31.0,"Cassia County, ID",2003.0,9882.0,9272.0,610.0,6.2
CN1603300000000,16,33.0,"Clark County, ID",2003.0,538.0,507.0,31.0,5.8
CN1603500000000,16,35.0,"Clearwater County, ID",2003.0,3296.0,2900.0,396.0,12.0
CN1603700000000,16,37.0,"Custer County, ID",2003.0,2531.0,2369.0,162.0,6.4
CN1603900000000,16,39.0,"Elmore County, ID",2003.0,10698.0,10016.0,682.0,6.4
CN1604100000000,16,41.0,"Franklin County, ID",2003.0,5800.0,5546.0,254.0,4.4
CN1604300000000,16,43.0,"Fremont County, ID",2003.0,5709.0,5414.0,295.0,5.2
CN1604500000000,16,45.0,"Gem County, ID",2003.0,7044.0,6593.0,451.0,6.4
CN1604700000000,16,47.0,"Gooding County, ID",2003.0,7401.0,7090.0,311.0,4.2
CN1604900000000,16,49.0,"Idaho County, ID",2003.0,6860.0,6238.0,622.0,9.1
CN1605100000000,16,51.0,"Jefferson County, ID",2003.0,9904.0,9518.0,386.0,3.9
CN1605300000000,16,53.0,"Jerome County, ID",2003.0,9527.0,9077.0,450.0,4.7
CN1605500000000,16,55.0,"Kootenai County, ID",2003.0,61574.0,57403.0,4171.0,6.8
CN1605700000000,16,57.0,"Latah County, ID",2003.0,16099.0,15342.0,757.0,4.7
CN1605900000000,16,59.0,"Lemhi County, ID",2003.0,3835.0,3541.0,294.0,7.7
CN1606100000000,16,61.0,"Lewis County, ID",2003.0,1673.0,1598.0,75.0,4.5
CN1606300000000,16,63.0,"Lincoln County, ID",2003.0,2269.0,2138.0,131.0,5.8
CN1606500000000,16,65.0,"Madison County, ID",2003.0,13418.0,13006.0,412.0,3.1
CN1606700000000,16,67.0,"Minidoka County, ID",2003.0,9402.0,8683.0,719.0,7.6
CN1606900000000,16,69.0,"Nez Perce County, ID",2003.0,19193.0,18143.0,1050.0,5.5
CN1607100000000,16,71.0,"Oneida County, ID",2003.0,1961.0,1882.0,79.0,4.0
CN1607300000000,16,73.0,"Owyhee County, ID",2003.0,4689.0,4553.0,136.0,2.9
CN1607500000000,16,75.0,"Payette County, ID",2003.0,10469.0,9534.0,935.0,8.9
CN1607700000000,16,77.0,"Power County, ID",2003.0,3660.0,3401.0,259.0,7.1
CN1607900000000,16,79.0,"Shoshone County, ID",2003.0,5494.0,4802.0,692.0,12.6
CN1608100000000,16,81.0,"Teton County, ID",2003.0,4169.0,4016.0,153.0,3.7
CN1608300000000,16,83.0,"Twin Falls County, ID",2003.0,35545.0,33937.0,1608.0,4.5
CN1608500000000,16,85.0,"Valley County, ID",2003.0,4013.0,3678.0,335.0,8.3
CN1608700000000,16,87.0,"Washington County, ID",2003.0,4737.0,4358.0,379.0,8.0
CN1600100000000,16,1.0,"Ada County, ID",2004.0,178289.0,171048.0,7241.0,4.1
CN1600300000000,16,3.0,"Adams County, ID",2004.0,1860.0,1638.0,222.0,11.9
CN1600500000000,16,5.0,"Bannock County, ID",2004.0,39774.0,37896.0,1878.0,4.7
CN1600700000000,16,7.0,"Bear Lake County, ID",2004.0,3027.0,2881.0,146.0,4.8
CN1600900000000,16,9.0,"Benewah County, ID",2004.0,3995.0,3634.0,361.0,9.0
CN1601100000000,16,11.0,"Bingham County, ID",2004.0,20512.0,19595.0,917.0,4.5
CN1601300000000,16,13.0,"Blaine County, ID",2004.0,13343.0,12858.0,485.0,3.6
CN1601500000000,16,15.0,"Boise County, ID",2004.0,3557.0,3375.0,182.0,5.1
CN1601700000000,16,17.0,"Bonner County, ID",2004.0,19384.0,18193.0,1191.0,6.1
CN1601900000000,16,19.0,"Bonneville County, ID",2004.0,46649.0,45023.0,1626.0,3.5
CN1602100000000,16,21.0,"Boundary County, ID",2004.0,4306.0,3998.0,308.0,7.2
CN1602300000000,16,23.0,"Butte County, ID",2004.0,1290.0,1205.0,85.0,6.6
CN1602500000000,16,25.0,"Camas County, ID",2004.0,573.0,547.0,26.0,4.5
CN1602700000000,16,27.0,"Canyon County, ID",2004.0,75041.0,70780.0,4261.0,5.7
CN1602900000000,16,29.0,"Caribou County, ID",2004.0,3284.0,3059.0,225.0,6.9
CN1603100000000,16,31.0,"Cassia County, ID",2004.0,9883.0,9289.0,594.0,6.0
CN1603300000000,16,33.0,"Clark County, ID",2004.0,543.0,503.0,40.0,7.4
CN1603500000000,16,35.0,"Clearwater County, ID",2004.0,3369.0,3023.0,346.0,10.3
CN1603700000000,16,37.0,"Custer County, ID",2004.0,2565.0,2413.0,152.0,5.9
CN1603900000000,16,39.0,"Elmore County, ID",2004.0,10704.0,10131.0,573.0,5.4
CN1604100000000,16,41.0,"Franklin County, ID",2004.0,6047.0,5804.0,243.0,4.0
CN1604300000000,16,43.0,"Fremont County, ID",2004.0,5890.0,5621.0,269.0,4.6
CN1604500000000,16,45.0,"Gem County, ID",2004.0,7020.0,6624.0,396.0,5.6
CN1604700000000,16,47.0,"Gooding County, ID",2004.0,7646.0,7342.0,304.0,4.0
CN1604900000000,16,49.0,"Idaho County, ID",2004.0,7066.0,6507.0,559.0,7.9
CN1605100000000,16,51.0,"Jefferson County, ID",2004.0,10132.0,9741.0,391.0,3.9
CN1605300000000,16,53.0,"Jerome County, ID",2004.0,9761.0,9318.0,443.0,4.5
CN1605500000000,16,55.0,"Kootenai County, ID",2004.0,63581.0,59880.0,3701.0,5.8
CN1605700000000,16,57.0,"Latah County, ID",2004.0,17807.0,17116.0,691.0,3.9
CN1605900000000,16,59.0,"Lemhi County, ID",2004.0,3956.0,3676.0,280.0,7.1
CN1606100000000,16,61.0,"Lewis County, ID",2004.0,1702.0,1636.0,66.0,3.9
CN1606300000000,16,63.0,"Lincoln County, ID",2004.0,2320.0,2191.0,129.0,5.6
CN1606500000000,16,65.0,"Madison County, ID",2004.0,13994.0,13563.0,431.0,3.1
CN1606700000000,16,67.0,"Minidoka County, ID",2004.0,9441.0,8697.0,744.0,7.9
CN1606900000000,16,69.0,"Nez Perce County, ID",2004.0,18821.0,17905.0,916.0,4.9
CN1607100000000,16,71.0,"Oneida County, ID",2004.0,1968.0,1905.0,63.0,3.2
CN1607300000000,16,73.0,"Owyhee County, ID",2004.0,4619.0,4490.0,129.0,2.8
CN1607500000000,16,75.0,"Payette County, ID",2004.0,10295.0,9441.0,854.0,8.3
CN1607700000000,16,77.0,"Power County, ID",2004.0,3743.0,3509.0,234.0,6.3
CN1607900000000,16,79.0,"Shoshone County, ID",2004.0,5532.0,4989.0,543.0,9.8
CN1608100000000,16,81.0,"Teton County, ID",2004.0,4228.0,4095.0,133.0,3.1
CN1608300000000,16,83.0,"Twin Falls County, ID",2004.0,36315.0,34700.0,1615.0,4.4
CN1608500000000,16,85.0,"Valley County, ID",2004.0,4217.0,3928.0,289.0,6.9
CN1608700000000,16,87.0,"Washington County, ID",2004.0,5016.0,4676.0,340.0,6.8
CN1600100000000,16,1.0,"Ada County, ID",2005.0,187127,180914,6213,3.3
CN1600300000000,16,3.0,"Adams County, ID",2005.0,1907,1754,153,8
CN1600500000000,16,5.0,"Bannock County, ID",2005.0,40549,38984,1565,3.9
CN1600700000000,16,7.0,"Bear Lake County, ID",2005.0,3055,2931,124,4.1
CN1600900000000,16,9.0,"Benewah County, ID",2005.0,4044,3733,311,7.7
CN1601100000000,16,11.0,"Bingham County, ID",2005.0,21049,20266,783,3.7
CN1601300000000,16,13.0,"Blaine County, ID",2005.0,14067,13669,398,2.8
CN1601500000000,16,15.0,"Boise County, ID",2005.0,3683,3516,167,4.5
CN1601700000000,16,17.0,"Bonner County, ID",2005.0,20470,19420,1050,5.1
CN1601900000000,16,19.0,"Bonneville County, ID",2005.0,49007,47534,1473,3
CN1602100000000,16,21.0,"Boundary County, ID",2005.0,4241,3903,338,8
CN1602300000000,16,23.0,"Butte County, ID",2005.0,1397,1337,60,4.3
CN1602500000000,16,25.0,"Camas County, ID",2005.0,622,598,24,3.9
CN1602700000000,16,27.0,"Canyon County, ID",2005.0,78790,75286,3504,4.4
CN1602900000000,16,29.0,"Caribou County, ID",2005.0,3309,3134,175,5.3
CN1603100000000,16,31.0,"Cassia County, ID",2005.0,10065,9602,463,4.6
CN1603300000000,16,33.0,"Clark County, ID",2005.0,546,519,27,4.9
CN1603500000000,16,35.0,"Clearwater County, ID",2005.0,3357,3044,313,9.3
CN1603700000000,16,37.0,"Custer County, ID",2005.0,2604,2473,131,5
CN1603900000000,16,39.0,"Elmore County, ID",2005.0,10921,10420,501,4.6
CN1604100000000,16,41.0,"Franklin County, ID",2005.0,6218,6019,199,3.2
CN1604300000000,16,43.0,"Fremont County, ID",2005.0,6093,5856,237,3.9
CN1604500000000,16,45.0,"Gem County, ID",2005.0,7238,6891,347,4.8
CN1604700000000,16,47.0,"Gooding County, ID",2005.0,8142,7896,246,3
CN1604900000000,16,49.0,"Idaho County, ID",2005.0,7135,6658,477,6.7
CN1605100000000,16,51.0,"Jefferson County, ID",2005.0,10763,10409,354,3.3
CN1605300000000,16,53.0,"Jerome County, ID",2005.0,9943,9576,367,3.7
CN1605500000000,16,55.0,"Kootenai County, ID",2005.0,67178,64151,3027,4.5
CN1605700000000,16,57.0,"Latah County, ID",2005.0,17947,17314,633,3.5
CN1605900000000,16,59.0,"Lemhi County, ID",2005.0,4073,3829,244,6
CN1606100000000,16,61.0,"Lewis County, ID",2005.0,1743,1682,61,3.5
CN1606300000000,16,63.0,"Lincoln County, ID",2005.0,2422,2314,108,4.5
CN1606500000000,16,65.0,"Madison County, ID",2005.0,14980,14571,409,2.7
CN1606700000000,16,67.0,"Minidoka County, ID",2005.0,9476,8932,544,5.7
CN1606900000000,16,69.0,"Nez Perce County, ID",2005.0,19352,18504,848,4.4
CN1607100000000,16,71.0,"Oneida County, ID",2005.0,2148,2093,55,2.6
CN1607300000000,16,73.0,"Owyhee County, ID",2005.0,4719,4603,116,2.5
CN1607500000000,16,75.0,"Payette County, ID",2005.0,10415,9689,726,7
CN1607700000000,16,77.0,"Power County, ID",2005.0,3794,3617,177,4.7
CN1607900000000,16,79.0,"Shoshone County, ID",2005.0,5693,5249,444,7.8
CN1608100000000,16,81.0,"Teton County, ID",2005.0,4518,4384,134,3
CN1608300000000,16,83.0,"Twin Falls County, ID",2005.0,37105,35743,1362,3.7
CN1608500000000,16,85.0,"Valley County, ID",2005.0,4687,4463,224,4.8
CN1608700000000,16,87.0,"Washington County, ID",2005.0,5079,4809,270,5.3
CN1600100000000,16,1.0,"Ada County, ID",2006.0,193828,188617,5211,2.7
CN1600300000000,16,3.0,"Adams County, ID",2006.0,2159,2013,146,6.8
CN1600500000000,16,5.0,"Bannock County, ID",2006.0,40451,39057,1394,3.4
CN1600700000000,16,7.0,"Bear Lake County, ID",2006.0,3050,2961,89,2.9
CN1600900000000,16,9.0,"Benewah County, ID",2006.0,3957,3648,309,7.8
CN1601100000000,16,11.0,"Bingham County, ID",2006.0,21109,20328,781,3.7
CN1601300000000,16,13.0,"Blaine County, ID",2006.0,14167,13785,382,2.7
CN1601500000000,16,15.0,"Boise County, ID",2006.0,3708,3571,137,3.7
CN1601700000000,16,17.0,"Bonner County, ID",2006.0,20547,19581,966,4.7
CN1601900000000,16,19.0,"Bonneville County, ID",2006.0,49797,48466,1331,2.7
CN1602100000000,16,21.0,"Boundary County, ID",2006.0,4234,3911,323,7.6
CN1602300000000,16,23.0,"Butte County, ID",2006.0,1430,1383,47,3.3
CN1602500000000,16,25.0,"Camas County, ID",2006.0,637,615,22,3.5
CN1602700000000,16,27.0,"Canyon County, ID",2006.0,82571,79351,3220,3.9
CN1602900000000,16,29.0,"Caribou County, ID",2006.0,3344,3209,135,4
CN1603100000000,16,31.0,"Cassia County, ID",2006.0,10449,10019,430,4.1
CN1603300000000,16,33.0,"Clark County, ID",2006.0,527,506,21,4
CN1603500000000,16,35.0,"Clearwater County, ID",2006.0,3318,3040,278,8.4
CN1603700000000,16,37.0,"Custer County, ID",2006.0,2537,2430,107,4.2
CN1603900000000,16,39.0,"Elmore County, ID",2006.0,10931,10476,455,4.2
CN1604100000000,16,41.0,"Franklin County, ID",2006.0,6258,6104,154,2.5
CN1604300000000,16,43.0,"Fremont County, ID",2006.0,6029,5802,227,3.8
CN1604500000000,16,45.0,"Gem County, ID",2006.0,7334,7018,316,4.3
CN1604700000000,16,47.0,"Gooding County, ID",2006.0,8524,8280,244,2.9
CN1604900000000,16,49.0,"Idaho County, ID",2006.0,7122,6678,444,6.2
CN1605100000000,16,51.0,"Jefferson County, ID",2006.0,11006,10671,335,3
CN1605300000000,16,53.0,"Jerome County, ID",2006.0,10203,9867,336,3.3
CN1605500000000,16,55.0,"Kootenai County, ID",2006.0,68675,66048,2627,3.8
CN1605700000000,16,57.0,"Latah County, ID",2006.0,17598,17063,535,3
CN1605900000000,16,59.0,"Lemhi County, ID",2006.0,4006,3795,211,5.3
CN1606100000000,16,61.0,"Lewis County, ID",2006.0,1732,1684,48,2.8
CN1606300000000,16,63.0,"Lincoln County, ID",2006.0,2577,2460,117,4.5
CN1606500000000,16,65.0,"Madison County, ID",2006.0,14877,14484,393,2.6
CN1606700000000,16,67.0,"Minidoka County, ID",2006.0,9809,9315,494,5
CN1606900000000,16,69.0,"Nez Perce County, ID",2006.0,19025,18347,678,3.6
CN1607100000000,16,71.0,"Oneida County, ID",2006.0,2231,2188,43,1.9
CN1607300000000,16,73.0,"Owyhee County, ID",2006.0,4720,4621,99,2.1
CN1607500000000,16,75.0,"Payette County, ID",2006.0,10391,9869,522,5
CN1607700000000,16,77.0,"Power County, ID",2006.0,3873,3685,188,4.9
CN1607900000000,16,79.0,"Shoshone County, ID",2006.0,5630,5224,406,7.2
CN1608100000000,16,81.0,"Teton County, ID",2006.0,4737,4641,96,2
CN1608300000000,16,83.0,"Twin Falls County, ID",2006.0,38341,37045,1296,3.4
CN1608500000000,16,85.0,"Valley County, ID",2006.0,4978,4761,217,4.4
CN1608700000000,16,87.0,"Washington County, ID",2006.0,4952,4729,223,4.5
CN1600100000000,16,1.0,"Ada County, ID",2007.0,196740.0,191500.0,5240.0,2.7
CN1600300000000,16,3.0,"Adams County, ID",2007.0,1999.0,1884.0,115.0,5.8
CN1600500000000,16,5.0,"Bannock County, ID",2007.0,41291.0,40063.0,1228.0,3.0
CN1600700000000,16,7.0,"Bear Lake County, ID",2007.0,3158.0,3085.0,73.0,2.3
CN1600900000000,16,9.0,"Benewah County, ID",2007.0,4061.0,3811.0,250.0,6.2
CN1601100000000,16,11.0,"Bingham County, ID",2007.0,22242.0,21652.0,590.0,2.7
CN1601300000000,16,13.0,"Blaine County, ID",2007.0,13677.0,13356.0,321.0,2.3
CN1601500000000,16,15.0,"Boise County, ID",2007.0,3576.0,3453.0,123.0,3.4
CN1601700000000,16,17.0,"Bonner County, ID",2007.0,20645.0,19845.0,800.0,3.9
CN1601900000000,16,19.0,"Bonneville County, ID",2007.0,50283.0,49166.0,1117.0,2.2
CN1602100000000,16,21.0,"Boundary County, ID",2007.0,4576.0,4291.0,285.0,6.2
CN1602300000000,16,23.0,"Butte County, ID",2007.0,1369.0,1335.0,34.0,2.5
CN1602500000000,16,25.0,"Camas County, ID",2007.0,618.0,602.0,16.0,2.6
CN1602700000000,16,27.0,"Canyon County, ID",2007.0,83264.0,80180.0,3084.0,3.7
CN1602900000000,16,29.0,"Caribou County, ID",2007.0,3863.0,3752.0,111.0,2.9
CN1603100000000,16,31.0,"Cassia County, ID",2007.0,10795.0,10453.0,342.0,3.2
CN1603300000000,16,33.0,"Clark County, ID",2007.0,554.0,541.0,13.0,2.3
CN1603500000000,16,35.0,"Clearwater County, ID",2007.0,3208.0,2967.0,241.0,7.5
CN1603700000000,16,37.0,"Custer County, ID",2007.0,2329.0,2249.0,80.0,3.4
CN1603900000000,16,39.0,"Elmore County, ID",2007.0,11249.0,10809.0,440.0,3.9
CN1604100000000,16,41.0,"Franklin County, ID",2007.0,5751.0,5626.0,125.0,2.2
CN1604300000000,16,43.0,"Fremont County, ID",2007.0,5777.0,5586.0,191.0,3.3
CN1604500000000,16,45.0,"Gem County, ID",2007.0,7098.0,6826.0,272.0,3.8
CN1604700000000,16,47.0,"Gooding County, ID",2007.0,8805.0,8612.0,193.0,2.2
CN1604900000000,16,49.0,"Idaho County, ID",2007.0,7079.0,6717.0,362.0,5.1
CN1605100000000,16,51.0,"Jefferson County, ID",2007.0,11121.0,10847.0,274.0,2.5
CN1605300000000,16,53.0,"Jerome County, ID",2007.0,9827.0,9546.0,281.0,2.9
CN1605500000000,16,55.0,"Kootenai County, ID",2007.0,69433.0,67106.0,2327.0,3.4
CN1605700000000,16,57.0,"Latah County, ID",2007.0,17003.0,16534.0,469.0,2.8
CN1605900000000,16,59.0,"Lemhi County, ID",2007.0,3745.0,3572.0,173.0,4.6
CN1606100000000,16,61.0,"Lewis County, ID",2007.0,1703.0,1658.0,45.0,2.6
CN1606300000000,16,63.0,"Lincoln County, ID",2007.0,2565.0,2476.0,89.0,3.5
CN1606500000000,16,65.0,"Madison County, ID",2007.0,16441.0,16085.0,356.0,2.2
CN1606700000000,16,67.0,"Minidoka County, ID",2007.0,10051.0,9659.0,392.0,3.9
CN1606900000000,16,69.0,"Nez Perce County, ID",2007.0,19011.0,18437.0,574.0,3.0
CN1607100000000,16,71.0,"Oneida County, ID",2007.0,2381.0,2339.0,42.0,1.8
CN1607300000000,16,73.0,"Owyhee County, ID",2007.0,4488.0,4402.0,86.0,1.9
CN1607500000000,16,75.0,"Payette County, ID",2007.0,10520.0,10076.0,444.0,4.2
CN1607700000000,16,77.0,"Power County, ID",2007.0,3753.0,3602.0,151.0,4.0
CN1607900000000,16,79.0,"Shoshone County, ID",2007.0,5864.0,5552.0,312.0,5.3
CN1608100000000,16,81.0,"Teton County, ID",2007.0,5069.0,4983.0,86.0,1.7
CN1608300000000,16,83.0,"Twin Falls County, ID",2007.0,37746.0,36699.0,1047.0,2.8
CN1608500000000,16,85.0,"Valley County, ID",2007.0,5021.0,4812.0,209.0,4.2
CN1608700000000,16,87.0,"Washington County, ID",2007.0,4687.0,4489.0,198.0,4.2
CN1600100000000,16,1.0,"Ada County, ID",2008.0,196434.0,186848.0,9586.0,4.9
CN1600300000000,16,3.0,"Adams County, ID",2008.0,1913.0,1710.0,203.0,10.6
CN1600500000000,16,5.0,"Bannock County, ID",2008.0,39594.0,37716.0,1878.0,4.7
CN1600700000000,16,7.0,"Bear Lake County, ID",2008.0,3302.0,3192.0,110.0,3.3
CN1600900000000,16,9.0,"Benewah County, ID",2008.0,4080.0,3668.0,412.0,10.1
CN1601100000000,16,11.0,"Bingham County, ID",2008.0,22383.0,21482.0,901.0,4.0
CN1601300000000,16,13.0,"Blaine County, ID",2008.0,13726.0,13186.0,540.0,3.9
CN1601500000000,16,15.0,"Boise County, ID",2008.0,3482.0,3274.0,208.0,6.0
CN1601700000000,16,17.0,"Bonner County, ID",2008.0,20417.0,19063.0,1354.0,6.6
CN1601900000000,16,19.0,"Bonneville County, ID",2008.0,50146.0,48346.0,1800.0,3.6
CN1602100000000,16,21.0,"Boundary County, ID",2008.0,4589.0,4186.0,403.0,8.8
CN1602300000000,16,23.0,"Butte County, ID",2008.0,1369.0,1310.0,59.0,4.3
CN1602500000000,16,25.0,"Camas County, ID",2008.0,630.0,602.0,28.0,4.4
CN1602700000000,16,27.0,"Canyon County, ID",2008.0,84097.0,78638.0,5459.0,6.5
CN1602900000000,16,29.0,"Caribou County, ID",2008.0,3899.0,3755.0,144.0,3.7
CN1603100000000,16,31.0,"Cassia County, ID",2008.0,10986.0,10554.0,432.0,3.9
CN1603300000000,16,33.0,"Clark County, ID",2008.0,596.0,575.0,21.0,3.5
CN1603500000000,16,35.0,"Clearwater County, ID",2008.0,3217.0,2864.0,353.0,11.0
CN1603700000000,16,37.0,"Custer County, ID",2008.0,2438.0,2326.0,112.0,4.6
CN1603900000000,16,39.0,"Elmore County, ID",2008.0,11381.0,10735.0,646.0,5.7
CN1604100000000,16,41.0,"Franklin County, ID",2008.0,5690.0,5498.0,192.0,3.4
CN1604300000000,16,43.0,"Fremont County, ID",2008.0,5763.0,5477.0,286.0,5.0
CN1604500000000,16,45.0,"Gem County, ID",2008.0,7038.0,6535.0,503.0,7.1
CN1604700000000,16,47.0,"Gooding County, ID",2008.0,8735.0,8433.0,302.0,3.5
CN1604900000000,16,49.0,"Idaho County, ID",2008.0,7134.0,6591.0,543.0,7.6
CN1605100000000,16,51.0,"Jefferson County, ID",2008.0,11279.0,10847.0,432.0,3.8
CN1605300000000,16,53.0,"Jerome County, ID",2008.0,9966.0,9541.0,425.0,4.3
CN1605500000000,16,55.0,"Kootenai County, ID",2008.0,70769.0,66653.0,4116.0,5.8
CN1605700000000,16,57.0,"Latah County, ID",2008.0,17180.0,16453.0,727.0,4.2
CN1605900000000,16,59.0,"Lemhi County, ID",2008.0,3664.0,3413.0,251.0,6.9
CN1606100000000,16,61.0,"Lewis County, ID",2008.0,1688.0,1622.0,66.0,3.9
CN1606300000000,16,63.0,"Lincoln County, ID",2008.0,2570.0,2425.0,145.0,5.6
CN1606500000000,16,65.0,"Madison County, ID",2008.0,16673.0,16075.0,598.0,3.6
CN1606700000000,16,67.0,"Minidoka County, ID",2008.0,10078.0,9616.0,462.0,4.6
CN1606900000000,16,69.0,"Nez Perce County, ID",2008.0,18560.0,17706.0,854.0,4.6
CN1607100000000,16,71.0,"Oneida County, ID",2008.0,2304.0,2223.0,81.0,3.5
CN1607300000000,16,73.0,"Owyhee County, ID",2008.0,4363.0,4226.0,137.0,3.1
CN1607500000000,16,75.0,"Payette County, ID",2008.0,10446.0,9822.0,624.0,6.0
CN1607700000000,16,77.0,"Power County, ID",2008.0,3541.0,3353.0,188.0,5.3
CN1607900000000,16,79.0,"Shoshone County, ID",2008.0,6192.0,5671.0,521.0,8.4
CN1608100000000,16,81.0,"Teton County, ID",2008.0,5304.0,5149.0,155.0,2.9
CN1608300000000,16,83.0,"Twin Falls County, ID",2008.0,38108.0,36563.0,1545.0,4.1
CN1608500000000,16,85.0,"Valley County, ID",2008.0,4781.0,4350.0,431.0,9.0
CN1608700000000,16,87.0,"Washington County, ID",2008.0,4645.0,4376.0,269.0,5.8
CN1600100000000,16,1.0,"Ada County, ID",2009.0,196383.0,178892.0,17491.0,8.9
CN1600300000000,16,3.0,"Adams County, ID",2009.0,2123.0,1776.0,347.0,16.3
CN1600500000000,16,5.0,"Bannock County, ID",2009.0,39350.0,36263.0,3087.0,7.8
CN1600700000000,16,7.0,"Bear Lake County, ID",2009.0,3365.0,3165.0,200.0,5.9
CN1600900000000,16,9.0,"Benewah County, ID",2009.0,4174.0,3549.0,625.0,15.0
CN1601100000000,16,11.0,"Bingham County, ID",2009.0,21828.0,20393.0,1435.0,6.6
CN1601300000000,16,13.0,"Blaine County, ID",2009.0,13348.0,12232.0,1116.0,8.4
CN1601500000000,16,15.0,"Boise County, ID",2009.0,3384.0,3080.0,304.0,9.0
CN1601700000000,16,17.0,"Bonner County, ID",2009.0,20958.0,18630.0,2328.0,11.1
CN1601900000000,16,19.0,"Bonneville County, ID",2009.0,50059.0,46872.0,3187.0,6.4
CN1602100000000,16,21.0,"Boundary County, ID",2009.0,4410.0,3812.0,598.0,13.6
CN1602300000000,16,23.0,"Butte County, ID",2009.0,1471.0,1387.0,84.0,5.7
CN1602500000000,16,25.0,"Camas County, ID",2009.0,598.0,535.0,63.0,10.5
CN1602700000000,16,27.0,"Canyon County, ID",2009.0,85238.0,75643.0,9595.0,11.3
CN1602900000000,16,29.0,"Caribou County, ID",2009.0,3464.0,3233.0,231.0,6.7
CN1603100000000,16,31.0,"Cassia County, ID",2009.0,10190.0,9581.0,609.0,6.0
CN1603300000000,16,33.0,"Clark County, ID",2009.0,549.0,516.0,33.0,6.0
CN1603500000000,16,35.0,"Clearwater County, ID",2009.0,3523.0,3001.0,522.0,14.8
CN1603700000000,16,37.0,"Custer County, ID",2009.0,2677.0,2514.0,163.0,6.1
CN1603900000000,16,39.0,"Elmore County, ID",2009.0,11408.0,10435.0,973.0,8.5
CN1604100000000,16,41.0,"Franklin County, ID",2009.0,5794.0,5473.0,321.0,5.5
CN1604300000000,16,43.0,"Fremont County, ID",2009.0,5553.0,5059.0,494.0,8.9
CN1604500000000,16,45.0,"Gem County, ID",2009.0,6985.0,6168.0,817.0,11.7
CN1604700000000,16,47.0,"Gooding County, ID",2009.0,8380.0,7857.0,523.0,6.2
CN1604900000000,16,49.0,"Idaho County, ID",2009.0,7358.0,6541.0,817.0,11.1
CN1605100000000,16,51.0,"Jefferson County, ID",2009.0,11502.0,10694.0,808.0,7.0
CN1605300000000,16,53.0,"Jerome County, ID",2009.0,10447.0,9705.0,742.0,7.1
CN1605500000000,16,55.0,"Kootenai County, ID",2009.0,70972.0,63805.0,7167.0,10.1
CN1605700000000,16,57.0,"Latah County, ID",2009.0,17794.0,16583.0,1211.0,6.8
CN1605900000000,16,59.0,"Lemhi County, ID",2009.0,3975.0,3617.0,358.0,9.0
CN1606100000000,16,61.0,"Lewis County, ID",2009.0,1779.0,1671.0,108.0,6.1
CN1606300000000,16,63.0,"Lincoln County, ID",2009.0,2584.0,2275.0,309.0,12.0
CN1606500000000,16,65.0,"Madison County, ID",2009.0,16049.0,15071.0,978.0,6.1
CN1606700000000,16,67.0,"Minidoka County, ID",2009.0,9494.0,8857.0,637.0,6.7
CN1606900000000,16,69.0,"Nez Perce County, ID",2009.0,18704.0,17435.0,1269.0,6.8
CN1607100000000,16,71.0,"Oneida County, ID",2009.0,2221.0,2082.0,139.0,6.3
CN1607300000000,16,73.0,"Owyhee County, ID",2009.0,4328.0,4135.0,193.0,4.5
CN1607500000000,16,75.0,"Payette County, ID",2009.0,11007.0,9915.0,1092.0,9.9
CN1607700000000,16,77.0,"Power County, ID",2009.0,3458.0,3177.0,281.0,8.1
CN1607900000000,16,79.0,"Shoshone County, ID",2009.0,6304.0,5414.0,890.0,14.1
CN1608100000000,16,81.0,"Teton County, ID",2009.0,5287.0,4920.0,367.0,6.9
CN1608300000000,16,83.0,"Twin Falls County, ID",2009.0,39024.0,36292.0,2732.0,7.0
CN1608500000000,16,85.0,"Valley County, ID",2009.0,4710.0,4031.0,679.0,14.4
CN1608700000000,16,87.0,"Washington County, ID",2009.0,4921.0,4433.0,488.0,9.9
CN1600100000000,16,1.0,"Ada County, ID",2010.0,196945.0,180585.0,16360.0,8.3
CN1600300000000,16,3.0,"Adams County, ID",2010.0,1861.0,1516.0,345.0,18.5
CN1600500000000,16,5.0,"Bannock County, ID",2010.0,41095.0,37813.0,3282.0,8.0
CN1600700000000,16,7.0,"Bear Lake County, ID",2010.0,2884.0,2670.0,214.0,7.4
CN1600900000000,16,9.0,"Benewah County, ID",2010.0,4209.0,3636.0,573.0,13.6
CN1601100000000,16,11.0,"Bingham County, ID",2010.0,22848.0,21201.0,1647.0,7.2
CN1601300000000,16,13.0,"Blaine County, ID",2010.0,11949.0,10808.0,1141.0,9.5
CN1601500000000,16,15.0,"Boise County, ID",2010.0,3048.0,2726.0,322.0,10.6
CN1601700000000,16,17.0,"Bonner County, ID",2010.0,19497.0,16981.0,2516.0,12.9
CN1601900000000,16,19.0,"Bonneville County, ID",2010.0,49099.0,45683.0,3416.0,7.0
CN1602100000000,16,21.0,"Boundary County, ID",2010.0,5368.0,4648.0,720.0,13.4
CN1602300000000,16,23.0,"Butte County, ID",2010.0,1352.0,1254.0,98.0,7.2
CN1602500000000,16,25.0,"Camas County, ID",2010.0,643.0,561.0,82.0,12.8
CN1602700000000,16,27.0,"Canyon County, ID",2010.0,84738.0,75198.0,9540.0,11.3
CN1602900000000,16,29.0,"Caribou County, ID",2010.0,3841.0,3541.0,300.0,7.8
CN1603100000000,16,31.0,"Cassia County, ID",2010.0,11114.0,10327.0,787.0,7.1
CN1603300000000,16,33.0,"Clark County, ID",2010.0,537.0,487.0,50.0,9.3
CN1603500000000,16,35.0,"Clearwater County, ID",2010.0,3423.0,2922.0,501.0,14.6
CN1603700000000,16,37.0,"Custer County, ID",2010.0,2295.0,2107.0,188.0,8.2
CN1603900000000,16,39.0,"Elmore County, ID",2010.0,11395.0,10411.0,984.0,8.6
CN1604100000000,16,41.0,"Franklin County, ID",2010.0,6195.0,5868.0,327.0,5.3
CN1604300000000,16,43.0,"Fremont County, ID",2010.0,6746.0,6162.0,584.0,8.7
CN1604500000000,16,45.0,"Gem County, ID",2010.0,7681.0,6803.0,878.0,11.4
CN1604700000000,16,47.0,"Gooding County, ID",2010.0,8496.0,7862.0,634.0,7.5
CN1604900000000,16,49.0,"Idaho County, ID",2010.0,6654.0,5824.0,830.0,12.5
CN1605100000000,16,51.0,"Jefferson County, ID",2010.0,12611.0,11721.0,890.0,7.1
CN1605300000000,16,53.0,"Jerome County, ID",2010.0,11005.0,10119.0,886.0,8.1
CN1605500000000,16,55.0,"Kootenai County, ID",2010.0,68859.0,61345.0,7514.0,10.9
CN1605700000000,16,57.0,"Latah County, ID",2010.0,19282.0,18002.0,1280.0,6.6
CN1605900000000,16,59.0,"Lemhi County, ID",2010.0,3775.0,3390.0,385.0,10.2
CN1606100000000,16,61.0,"Lewis County, ID",2010.0,1571.0,1466.0,105.0,6.7
CN1606300000000,16,63.0,"Lincoln County, ID",2010.0,2709.0,2355.0,354.0,13.1
CN1606500000000,16,65.0,"Madison County, ID",2010.0,17485.0,16546.0,939.0,5.4
CN1606700000000,16,67.0,"Minidoka County, ID",2010.0,10468.0,9691.0,777.0,7.4
CN1606900000000,16,69.0,"Nez Perce County, ID",2010.0,20088.0,18744.0,1344.0,6.7
CN1607100000000,16,71.0,"Oneida County, ID",2010.0,2007.0,1886.0,121.0,6.0
CN1607300000000,16,73.0,"Owyhee County, ID",2010.0,5051.0,4839.0,212.0,4.2
CN1607500000000,16,75.0,"Payette County, ID",2010.0,11145.0,10067.0,1078.0,9.7
CN1607700000000,16,77.0,"Power County, ID",2010.0,3872.0,3515.0,357.0,9.2
CN1607900000000,16,79.0,"Shoshone County, ID",2010.0,5488.0,4615.0,873.0,15.9
CN1608100000000,16,81.0,"Teton County, ID",2010.0,5447.0,5019.0,428.0,7.9
CN1608300000000,16,83.0,"Twin Falls County, ID",2010.0,36865.0,33718.0,3147.0,8.5
CN1608500000000,16,85.0,"Valley County, ID",2010.0,4693.0,3957.0,736.0,15.7
CN1608700000000,16,87.0,"Washington County, ID",2010.0,4726.0,4238.0,488.0,10.3
CN1600100000000,16,1.0,"Ada County, ID",2011.0,200304.0,185600.0,14704.0,7.3
CN1600300000000,16,3.0,"Adams County, ID",2011.0,1745.0,1433.0,312.0,17.9
CN1600500000000,16,5.0,"Bannock County, ID",2011.0,41065.0,37980.0,3085.0,7.5
CN1600700000000,16,7.0,"Bear Lake County, ID",2011.0,2922.0,2744.0,178.0,6.1
CN1600900000000,16,9.0,"Benewah County, ID",2011.0,4152.0,3600.0,552.0,13.3
CN1601100000000,16,11.0,"Bingham County, ID",2011.0,22849.0,21220.0,1629.0,7.1
CN1601300000000,16,13.0,"Blaine County, ID",2011.0,11877.0,10847.0,1030.0,8.7
CN1601500000000,16,15.0,"Boise County, ID",2011.0,3060.0,2748.0,312.0,10.2
CN1601700000000,16,17.0,"Bonner County, ID",2011.0,19047.0,16695.0,2352.0,12.3
CN1601900000000,16,19.0,"Bonneville County, ID",2011.0,49344.0,45925.0,3419.0,6.9
CN1602100000000,16,21.0,"Boundary County, ID",2011.0,5386.0,4763.0,623.0,11.6
CN1602300000000,16,23.0,"Butte County, ID",2011.0,1325.0,1217.0,108.0,8.2
CN1602500000000,16,25.0,"Camas County, ID",2011.0,639.0,560.0,79.0,12.4
CN1602700000000,16,27.0,"Canyon County, ID",2011.0,85518.0,76495.0,9023.0,10.6
CN1602900000000,16,29.0,"Caribou County, ID",2011.0,3885.0,3595.0,290.0,7.5
CN1603100000000,16,31.0,"Cassia County, ID",2011.0,11198.0,10460.0,738.0,6.6
CN1603300000000,16,33.0,"Clark County, ID",2011.0,516.0,470.0,46.0,8.9
CN1603500000000,16,35.0,"Clearwater County, ID",2011.0,3356.0,2897.0,459.0,13.7
CN1603700000000,16,37.0,"Custer County, ID",2011.0,2302.0,2119.0,183.0,7.9
CN1603900000000,16,39.0,"Elmore County, ID",2011.0,11004.0,10092.0,912.0,8.3
CN1604100000000,16,41.0,"Franklin County, ID",2011.0,6251.0,5912.0,339.0,5.4
CN1604300000000,16,43.0,"Fremont County, ID",2011.0,6707.0,6188.0,519.0,7.7
CN1604500000000,16,45.0,"Gem County, ID",2011.0,7708.0,6875.0,833.0,10.8
CN1604700000000,16,47.0,"Gooding County, ID",2011.0,8355.0,7790.0,565.0,6.8
CN1604900000000,16,49.0,"Idaho County, ID",2011.0,6686.0,5862.0,824.0,12.3
CN1605100000000,16,51.0,"Jefferson County, ID",2011.0,12513.0,11645.0,868.0,6.9
CN1605300000000,16,53.0,"Jerome County, ID",2011.0,11031.0,10198.0,833.0,7.6
CN1605500000000,16,55.0,"Kootenai County, ID",2011.0,69335.0,62302.0,7033.0,10.1
CN1605700000000,16,57.0,"Latah County, ID",2011.0,19256.0,18044.0,1212.0,6.3
CN1605900000000,16,59.0,"Lemhi County, ID",2011.0,3668.0,3291.0,377.0,10.3
CN1606100000000,16,61.0,"Lewis County, ID",2011.0,1554.0,1457.0,97.0,6.2
CN1606300000000,16,63.0,"Lincoln County, ID",2011.0,2682.0,2362.0,320.0,11.9
CN1606500000000,16,65.0,"Madison County, ID",2011.0,17907.0,16961.0,946.0,5.3
CN1606700000000,16,67.0,"Minidoka County, ID",2011.0,10566.0,9832.0,734.0,6.9
CN1606900000000,16,69.0,"Nez Perce County, ID",2011.0,20095.0,18817.0,1278.0,6.4
CN1607100000000,16,71.0,"Oneida County, ID",2011.0,2017.0,1900.0,117.0,5.8
CN1607300000000,16,73.0,"Owyhee County, ID",2011.0,4888.0,4676.0,212.0,4.3
CN1607500000000,16,75.0,"Payette County, ID",2011.0,11165.0,10162.0,1003.0,9.0
CN1607700000000,16,77.0,"Power County, ID",2011.0,3929.0,3584.0,345.0,8.8
CN1607900000000,16,79.0,"Shoshone County, ID",2011.0,5514.0,4715.0,799.0,14.5
CN1608100000000,16,81.0,"Teton County, ID",2011.0,5328.0,4969.0,359.0,6.7
CN1608300000000,16,83.0,"Twin Falls County, ID",2011.0,37138.0,34191.0,2947.0,7.9
CN1608500000000,16,85.0,"Valley County, ID",2011.0,4656.0,3999.0,657.0,14.1
CN1608700000000,16,87.0,"Washington County, ID",2011.0,4736.0,4274.0,462.0,9.8
CN1600100000000,16,1.0,"Ada County, ID",2012.0,204353.0,191714.0,12639.0,6.2
CN1600300000000,16,3.0,"Adams County, ID",2012.0,1743.0,1483.0,260.0,14.9
CN1600500000000,16,5.0,"Bannock County, ID",2012.0,41203.0,38349.0,2854.0,6.9
CN1600700000000,16,7.0,"Bear Lake County, ID",2012.0,2882.0,2721.0,161.0,5.6
CN1600900000000,16,9.0,"Benewah County, ID",2012.0,4159.0,3653.0,506.0,12.2
CN1601100000000,16,11.0,"Bingham County, ID",2012.0,22774.0,21319.0,1455.0,6.4
CN1601300000000,16,13.0,"Blaine County, ID",2012.0,11726.0,10903.0,823.0,7.0
CN1601500000000,16,15.0,"Boise County, ID",2012.0,2968.0,2685.0,283.0,9.5
CN1601700000000,16,17.0,"Bonner County, ID",2012.0,18610.0,16662.0,1948.0,10.5
CN1601900000000,16,19.0,"Bonneville County, ID",2012.0,49127.0,46022.0,3105.0,6.3
CN1602100000000,16,21.0,"Boundary County, ID",2012.0,5221.0,4729.0,492.0,9.4
CN1602300000000,16,23.0,"Butte County, ID",2012.0,1336.0,1227.0,109.0,8.2
CN1602500000000,16,25.0,"Camas County, ID",2012.0,668.0,607.0,61.0,9.1
CN1602700000000,16,27.0,"Canyon County, ID",2012.0,86977.0,79059.0,7918.0,9.1
CN1602900000000,16,29.0,"Caribou County, ID",2012.0,3973.0,3731.0,242.0,6.1
CN1603100000000,16,31.0,"Cassia County, ID",2012.0,11116.0,10472.0,644.0,5.8
CN1603300000000,16,33.0,"Clark County, ID",2012.0,424.0,392.0,32.0,7.5
CN1603500000000,16,35.0,"Clearwater County, ID",2012.0,3272.0,2860.0,412.0,12.6
CN1603700000000,16,37.0,"Custer County, ID",2012.0,2336.0,2147.0,189.0,8.1
CN1603900000000,16,39.0,"Elmore County, ID",2012.0,10678.0,9874.0,804.0,7.5
CN1604100000000,16,41.0,"Franklin County, ID",2012.0,6311.0,6020.0,291.0,4.6
CN1604300000000,16,43.0,"Fremont County, ID",2012.0,6928.0,6500.0,428.0,6.2
CN1604500000000,16,45.0,"Gem County, ID",2012.0,7614.0,6898.0,716.0,9.4
CN1604700000000,16,47.0,"Gooding County, ID",2012.0,8093.0,7631.0,462.0,5.7
CN1604900000000,16,49.0,"Idaho County, ID",2012.0,6650.0,5922.0,728.0,10.9
CN1605100000000,16,51.0,"Jefferson County, ID",2012.0,12197.0,11447.0,750.0,6.1
CN1605300000000,16,53.0,"Jerome County, ID",2012.0,10878.0,10173.0,705.0,6.5
CN1605500000000,16,55.0,"Kootenai County, ID",2012.0,68654.0,62636.0,6018.0,8.8
CN1605700000000,16,57.0,"Latah County, ID",2012.0,19634.0,18489.0,1145.0,5.8
CN1605900000000,16,59.0,"Lemhi County, ID",2012.0,3569.0,3218.0,351.0,9.8
CN1606100000000,16,61.0,"Lewis County, ID",2012.0,1597.0,1511.0,86.0,5.4
CN1606300000000,16,63.0,"Lincoln County, ID",2012.0,2699.0,2452.0,247.0,9.2
CN1606500000000,16,65.0,"Madison County, ID",2012.0,18434.0,17593.0,841.0,4.6
CN1606700000000,16,67.0,"Minidoka County, ID",2012.0,10383.0,9752.0,631.0,6.1
CN1606900000000,16,69.0,"Nez Perce County, ID",2012.0,19881.0,18737.0,1144.0,5.8
CN1607100000000,16,71.0,"Oneida County, ID",2012.0,2093.0,1990.0,103.0,4.9
CN1607300000000,16,73.0,"Owyhee County, ID",2012.0,5104.0,4893.0,211.0,4.1
CN1607500000000,16,75.0,"Payette County, ID",2012.0,10843.0,9991.0,852.0,7.9
CN1607700000000,16,77.0,"Power County, ID",2012.0,4089.0,3771.0,318.0,7.8
CN1607900000000,16,79.0,"Shoshone County, ID",2012.0,5609.0,4873.0,736.0,13.1
CN1608100000000,16,81.0,"Teton County, ID",2012.0,5315.0,5002.0,313.0,5.9
CN1608300000000,16,83.0,"Twin Falls County, ID",2012.0,37673.0,35064.0,2609.0,6.9
CN1608500000000,16,85.0,"Valley County, ID",2012.0,4674.0,4150.0,524.0,11.2
CN1608700000000,16,87.0,"Washington County, ID",2012.0,4786.0,4383.0,403.0,8.4
CN1600100000000,16,1.0,"Ada County, ID",2013.0,206575.0,195843.0,10732.0,5.2
CN1600300000000,16,3.0,"Adams County, ID",2013.0,1709.0,1476.0,233.0,13.6
CN1600500000000,16,5.0,"Bannock County, ID",2013.0,41413.0,38998.0,2415.0,5.8
CN1600700000000,16,7.0,"Bear Lake County, ID",2013.0,2884.0,2736.0,148.0,5.1
CN1600900000000,16,9.0,"Benewah County, ID",2013.0,3990.0,3588.0,402.0,10.1
CN1601100000000,16,11.0,"Bingham County, ID",2013.0,22302.0,20995.0,1307.0,5.9
CN1601300000000,16,13.0,"Blaine County, ID",2013.0,11587.0,10926.0,661.0,5.7
CN1601500000000,16,15.0,"Boise County, ID",2013.0,2922.0,2684.0,238.0,8.1
CN1601700000000,16,17.0,"Bonner County, ID",2013.0,18280.0,16674.0,1606.0,8.8
CN1601900000000,16,19.0,"Bonneville County, ID",2013.0,48959.0,46293.0,2666.0,5.4
CN1602100000000,16,21.0,"Boundary County, ID",2013.0,4907.0,4516.0,391.0,8.0
CN1602300000000,16,23.0,"Butte County, ID",2013.0,1296.0,1207.0,89.0,6.9
CN1602500000000,16,25.0,"Camas County, ID",2013.0,634.0,593.0,41.0,6.5
CN1602700000000,16,27.0,"Canyon County, ID",2013.0,87750.0,81143.0,6607.0,7.5
CN1602900000000,16,29.0,"Caribou County, ID",2013.0,3899.0,3693.0,206.0,5.3
CN1603100000000,16,31.0,"Cassia County, ID",2013.0,11119.0,10538.0,581.0,5.2
CN1603300000000,16,33.0,"Clark County, ID",2013.0,425.0,398.0,27.0,6.4
CN1603500000000,16,35.0,"Clearwater County, ID",2013.0,3188.0,2828.0,360.0,11.3
CN1603700000000,16,37.0,"Custer County, ID",2013.0,2209.0,2024.0,185.0,8.4
CN1603900000000,16,39.0,"Elmore County, ID",2013.0,10783.0,10059.0,724.0,6.7
CN1604100000000,16,41.0,"Franklin County, ID",2013.0,6265.0,6005.0,260.0,4.2
CN1604300000000,16,43.0,"Fremont County, ID",2013.0,6915.0,6552.0,363.0,5.2
CN1604500000000,16,45.0,"Gem County, ID",2013.0,7500.0,6913.0,587.0,7.8
CN1604700000000,16,47.0,"Gooding County, ID",2013.0,8033.0,7638.0,395.0,4.9
CN1604900000000,16,49.0,"Idaho County, ID",2013.0,6583.0,5930.0,653.0,9.9
CN1605100000000,16,51.0,"Jefferson County, ID",2013.0,12143.0,11522.0,621.0,5.1
CN1605300000000,16,53.0,"Jerome County, ID",2013.0,10829.0,10250.0,579.0,5.3
CN1605500000000,16,55.0,"Kootenai County, ID",2013.0,69255.0,64204.0,5051.0,7.3
CN1605700000000,16,57.0,"Latah County, ID",2013.0,19422.0,18468.0,954.0,4.9
CN1605900000000,16,59.0,"Lemhi County, ID",2013.0,3437.0,3115.0,322.0,9.4
CN1606100000000,16,61.0,"Lewis County, ID",2013.0,1612.0,1531.0,81.0,5.0
CN1606300000000,16,63.0,"Lincoln County, ID",2013.0,2647.0,2446.0,201.0,7.6
CN1606500000000,16,65.0,"Madison County, ID",2013.0,18447.0,17695.0,752.0,4.1
CN1606700000000,16,67.0,"Minidoka County, ID",2013.0,10383.0,9809.0,574.0,5.5
CN1606900000000,16,69.0,"Nez Perce County, ID",2013.0,20223.0,19217.0,1006.0,5.0
CN1607100000000,16,71.0,"Oneida County, ID",2013.0,2095.0,2005.0,90.0,4.3
CN1607300000000,16,73.0,"Owyhee County, ID",2013.0,5121.0,4924.0,197.0,3.8
CN1607500000000,16,75.0,"Payette County, ID",2013.0,10818.0,10116.0,702.0,6.5
CN1607700000000,16,77.0,"Power County, ID",2013.0,3981.0,3719.0,262.0,6.6
CN1607900000000,16,79.0,"Shoshone County, ID",2013.0,5493.0,4828.0,665.0,12.1
CN1608100000000,16,81.0,"Teton County, ID",2013.0,5455.0,5182.0,273.0,5.0
CN1608300000000,16,83.0,"Twin Falls County, ID",2013.0,38044.0,35863.0,2181.0,5.7
CN1608500000000,16,85.0,"Valley County, ID",2013.0,4542.0,4079.0,463.0,10.2
CN1608700000000,16,87.0,"Washington County, ID",2013.0,4764.0,4413.0,351.0,7.4
CN1600100000000,16,1.0,"Ada County, ID",2014.0,211675.0,202897.0,8778.0,4.1
CN1600300000000,16,3.0,"Adams County, ID",2014.0,1676.0,1509.0,167.0,10.0
CN1600500000000,16,5.0,"Bannock County, ID",2014.0,41517.0,39634.0,1883.0,4.5
CN1600700000000,16,7.0,"Bear Lake County, ID",2014.0,2859.0,2731.0,128.0,4.5
CN1600900000000,16,9.0,"Benewah County, ID",2014.0,3966.0,3646.0,320.0,8.1
CN1601100000000,16,11.0,"Bingham County, ID",2014.0,22056.0,21064.0,992.0,4.5
CN1601300000000,16,13.0,"Blaine County, ID",2014.0,11457.0,10947.0,510.0,4.5
CN1601500000000,16,15.0,"Boise County, ID",2014.0,2919.0,2729.0,190.0,6.5
CN1601700000000,16,17.0,"Bonner County, ID",2014.0,18225.0,16926.0,1299.0,7.1
CN1601900000000,16,19.0,"Bonneville County, ID",2014.0,49585.0,47518.0,2067.0,4.2
CN1602100000000,16,21.0,"Boundary County, ID",2014.0,4908.0,4613.0,295.0,6.0
CN1602300000000,16,23.0,"Butte County, ID",2014.0,1301.0,1232.0,69.0,5.3
CN1602500000000,16,25.0,"Camas County, ID",2014.0,631.0,597.0,34.0,5.4
CN1602700000000,16,27.0,"Canyon County, ID",2014.0,89013.0,83748.0,5265.0,5.9
CN1602900000000,16,29.0,"Caribou County, ID",2014.0,3851.0,3689.0,162.0,4.2
CN1603100000000,16,31.0,"Cassia County, ID",2014.0,11236.0,10760.0,476.0,4.2
CN1603300000000,16,33.0,"Clark County, ID",2014.0,443.0,422.0,21.0,4.7
CN1603500000000,16,35.0,"Clearwater County, ID",2014.0,3130.0,2840.0,290.0,9.3
CN1603700000000,16,37.0,"Custer County, ID",2014.0,2136.0,1990.0,146.0,6.8
CN1603900000000,16,39.0,"Elmore County, ID",2014.0,11005.0,10431.0,574.0,5.2
CN1604100000000,16,41.0,"Franklin County, ID",2014.0,6403.0,6188.0,215.0,3.4
CN1604300000000,16,43.0,"Fremont County, ID",2014.0,6975.0,6693.0,282.0,4.0
CN1604500000000,16,45.0,"Gem County, ID",2014.0,7511.0,7069.0,442.0,5.9
CN1604700000000,16,47.0,"Gooding County, ID",2014.0,7984.0,7666.0,318.0,4.0
CN1604900000000,16,49.0,"Idaho County, ID",2014.0,6486.0,6000.0,486.0,7.5
CN1605100000000,16,51.0,"Jefferson County, ID",2014.0,12248.0,11757.0,491.0,4.0
CN1605300000000,16,53.0,"Jerome County, ID",2014.0,11172.0,10730.0,442.0,4.0
CN1605500000000,16,55.0,"Kootenai County, ID",2014.0,70471.0,66396.0,4075.0,5.8
CN1605700000000,16,57.0,"Latah County, ID",2014.0,19291.0,18513.0,778.0,4.0
CN1605900000000,16,59.0,"Lemhi County, ID",2014.0,3360.0,3098.0,262.0,7.8
CN1606100000000,16,61.0,"Lewis County, ID",2014.0,1594.0,1522.0,72.0,4.5
CN1606300000000,16,63.0,"Lincoln County, ID",2014.0,2603.0,2454.0,149.0,5.7
CN1606500000000,16,65.0,"Madison County, ID",2014.0,19017.0,18410.0,607.0,3.2
CN1606700000000,16,67.0,"Minidoka County, ID",2014.0,10405.0,9931.0,474.0,4.6
CN1606900000000,16,69.0,"Nez Perce County, ID",2014.0,20340.0,19518.0,822.0,4.0
CN1607100000000,16,71.0,"Oneida County, ID",2014.0,2115.0,2035.0,80.0,3.8
CN1607300000000,16,73.0,"Owyhee County, ID",2014.0,5018.0,4835.0,183.0,3.6
CN1607500000000,16,75.0,"Payette County, ID",2014.0,10955.0,10338.0,617.0,5.6
CN1607700000000,16,77.0,"Power County, ID",2014.0,3976.0,3783.0,193.0,4.9
CN1607900000000,16,79.0,"Shoshone County, ID",2014.0,5203.0,4686.0,517.0,9.9
CN1608100000000,16,81.0,"Teton County, ID",2014.0,5620.0,5395.0,225.0,4.0
CN1608300000000,16,83.0,"Twin Falls County, ID",2014.0,38509.0,36870.0,1639.0,4.3
CN1608500000000,16,85.0,"Valley County, ID",2014.0,4558.0,4214.0,344.0,7.5
CN1608700000000,16,87.0,"Washington County, ID",2014.0,4582.0,4278.0,304.0,6.6
CN1600100000000,16,1.0,"Ada County, ID",2015.0,217606.0,209616.0,7990.0,3.7
CN1600300000000,16,3.0,"Adams County, ID",2015.0,1719.0,1587.0,132.0,7.7
CN1600500000000,16,5.0,"Bannock County, ID",2015.0,41969.0,40274.0,1695.0,4.0
CN1600700000000,16,7.0,"Bear Lake County, ID",2015.0,2836.0,2707.0,129.0,4.5
CN1600900000000,16,9.0,"Benewah County, ID",2015.0,4046.0,3777.0,269.0,6.6
CN1601100000000,16,11.0,"Bingham County, ID",2015.0,22096.0,21183.0,913.0,4.1
CN1601300000000,16,13.0,"Blaine County, ID",2015.0,11847.0,11421.0,426.0,3.6
CN1601500000000,16,15.0,"Boise County, ID",2015.0,3059.0,2863.0,196.0,6.4
CN1601700000000,16,17.0,"Bonner County, ID",2015.0,18573.0,17451.0,1122.0,6.0
CN1601900000000,16,19.0,"Bonneville County, ID",2015.0,51094.0,49295.0,1799.0,3.5
CN1602100000000,16,21.0,"Boundary County, ID",2015.0,5103.0,4818.0,285.0,5.6
CN1602300000000,16,23.0,"Butte County, ID",2015.0,1280.0,1221.0,59.0,4.6
CN1602500000000,16,25.0,"Camas County, ID",2015.0,650.0,627.0,23.0,3.5
CN1602700000000,16,27.0,"Canyon County, ID",2015.0,91171.0,86572.0,4599.0,5.0
CN1602900000000,16,29.0,"Caribou County, ID",2015.0,3772.0,3615.0,157.0,4.2
CN1603100000000,16,31.0,"Cassia County, ID",2015.0,11482.0,11094.0,388.0,3.4
CN1603300000000,16,33.0,"Clark County, ID",2015.0,396.0,381.0,15.0,3.8
CN1603500000000,16,35.0,"Clearwater County, ID",2015.0,3094.0,2842.0,252.0,8.1
CN1603700000000,16,37.0,"Custer County, ID",2015.0,2135.0,1991.0,144.0,6.7
CN1603900000000,16,39.0,"Elmore County, ID",2015.0,10761.0,10249.0,512.0,4.8
CN1604100000000,16,41.0,"Franklin County, ID",2015.0,6464.0,6259.0,205.0,3.2
CN1604300000000,16,43.0,"Fremont County, ID",2015.0,7191.0,6926.0,265.0,3.7
CN1604500000000,16,45.0,"Gem County, ID",2015.0,7548.0,7146.0,402.0,5.3
CN1604700000000,16,47.0,"Gooding County, ID",2015.0,7993.0,7712.0,281.0,3.5
CN1604900000000,16,49.0,"Idaho County, ID",2015.0,6412.0,6008.0,404.0,6.3
CN1605100000000,16,51.0,"Jefferson County, ID",2015.0,12491.0,12060.0,431.0,3.5
CN1605300000000,16,53.0,"Jerome County, ID",2015.0,11351.0,10972.0,379.0,3.3
CN1605500000000,16,55.0,"Kootenai County, ID",2015.0,71744.0,68061.0,3683.0,5.1
CN1605700000000,16,57.0,"Latah County, ID",2015.0,19510.0,18829.0,681.0,3.5
CN1605900000000,16,59.0,"Lemhi County, ID",2015.0,3386.0,3146.0,240.0,7.1
CN1606100000000,16,61.0,"Lewis County, ID",2015.0,1594.0,1502.0,92.0,5.8
CN1606300000000,16,63.0,"Lincoln County, ID",2015.0,2645.0,2524.0,121.0,4.6
CN1606500000000,16,65.0,"Madison County, ID",2015.0,19805.0,19268.0,537.0,2.7
CN1606700000000,16,67.0,"Minidoka County, ID",2015.0,10706.0,10308.0,398.0,3.7
CN1606900000000,16,69.0,"Nez Perce County, ID",2015.0,20658.0,19884.0,774.0,3.7
CN1607100000000,16,71.0,"Oneida County, ID",2015.0,2130.0,2054.0,76.0,3.6
CN1607300000000,16,73.0,"Owyhee County, ID",2015.0,5225.0,4972.0,253.0,4.8
CN1607500000000,16,75.0,"Payette County, ID",2015.0,11120.0,10563.0,557.0,5.0
CN1607700000000,16,77.0,"Power County, ID",2015.0,3885.0,3701.0,184.0,4.7
CN1607900000000,16,79.0,"Shoshone County, ID",2015.0,5139.0,4734.0,405.0,7.9
CN1608100000000,16,81.0,"Teton County, ID",2015.0,5834.0,5631.0,203.0,3.5
CN1608300000000,16,83.0,"Twin Falls County, ID",2015.0,39090.0,37628.0,1462.0,3.7
CN1608500000000,16,85.0,"Valley County, ID",2015.0,4804.0,4504.0,300.0,6.2
CN1608700000000,16,87.0,"Washington County, ID",2015.0,4575.0,4306.0,269.0,5.9
CN1600100000000,16,1.0,"Ada County, ID",1995.0,143493.0,138446.0,5047.0,3.5
CN1600300000000,16,3.0,"Adams County, ID",1995.0,1775.0,1524.0,251.0,14.1
CN1600500000000,16,5.0,"Bannock County, ID",1995.0,36286.0,34151.0,2135.0,5.9
CN1600700000000,16,7.0,"Bear Lake County, ID",1995.0,2937.0,2787.0,150.0,5.1
CN1600900000000,16,9.0,"Benewah County, ID",1995.0,4196.0,3751.0,445.0,10.6
CN1601100000000,16,11.0,"Bingham County, ID",1995.0,20536.0,19378.0,1158.0,5.6
CN1601300000000,16,13.0,"Blaine County, ID",1995.0,10237.0,9800.0,437.0,4.3
CN1601500000000,16,15.0,"Boise County, ID",1995.0,2457.0,2332.0,125.0,5.1
CN1601700000000,16,17.0,"Bonner County, ID",1995.0,15812.0,14391.0,1421.0,9.0
CN1601900000000,16,19.0,"Bonneville County, ID",1995.0,43646.0,41769.0,1877.0,4.3
CN1602100000000,16,21.0,"Boundary County, ID",1995.0,4284.0,3906.0,378.0,8.8
CN1602300000000,16,23.0,"Butte County, ID",1995.0,1564.0,1501.0,63.0,4.0
CN1602500000000,16,25.0,"Camas County, ID",1995.0,450.0,436.0,14.0,3.1
CN1602700000000,16,27.0,"Canyon County, ID",1995.0,54418.0,51336.0,3082.0,5.7
CN1602900000000,16,29.0,"Caribou County, ID",1995.0,3253.0,3033.0,220.0,6.8
CN1603100000000,16,31.0,"Cassia County, ID",1995.0,9577.0,8944.0,633.0,6.6
CN1603300000000,16,33.0,"Clark County, ID",1995.0,629.0,601.0,28.0,4.5
CN1603500000000,16,35.0,"Clearwater County, ID",1995.0,4063.0,3527.0,536.0,13.2
CN1603700000000,16,37.0,"Custer County, ID",1995.0,2519.0,2372.0,147.0,5.8
CN1603900000000,16,39.0,"Elmore County, ID",1995.0,8485.0,7973.0,512.0,6.0
CN1604100000000,16,41.0,"Franklin County, ID",1995.0,4287.0,4106.0,181.0,4.2
CN1604300000000,16,43.0,"Fremont County, ID",1995.0,4594.0,4207.0,387.0,8.4
CN1604500000000,16,45.0,"Gem County, ID",1995.0,6123.0,5665.0,458.0,7.5
CN1604700000000,16,47.0,"Gooding County, ID",1995.0,6571.0,6300.0,271.0,4.1
CN1604900000000,16,49.0,"Idaho County, ID",1995.0,6599.0,5834.0,765.0,11.6
CN1605100000000,16,51.0,"Jefferson County, ID",1995.0,9274.0,8797.0,477.0,5.1
CN1605300000000,16,53.0,"Jerome County, ID",1995.0,8836.0,8424.0,412.0,4.7
CN1605500000000,16,55.0,"Kootenai County, ID",1995.0,48549.0,44856.0,3693.0,7.6
CN1605700000000,16,57.0,"Latah County, ID",1995.0,16194.0,15711.0,483.0,3.0
CN1605900000000,16,59.0,"Lemhi County, ID",1995.0,4157.0,3858.0,299.0,7.2
CN1606100000000,16,61.0,"Lewis County, ID",1995.0,1635.0,1521.0,114.0,7.0
CN1606300000000,16,63.0,"Lincoln County, ID",1995.0,2106.0,2020.0,86.0,4.1
CN1606500000000,16,65.0,"Madison County, ID",1995.0,9810.0,9485.0,325.0,3.3
CN1606700000000,16,67.0,"Minidoka County, ID",1995.0,10215.0,9430.0,785.0,7.7
CN1606900000000,16,69.0,"Nez Perce County, ID",1995.0,22139.0,21237.0,902.0,4.1
CN1607100000000,16,71.0,"Oneida County, ID",1995.0,1563.0,1500.0,63.0,4.0
CN1607300000000,16,73.0,"Owyhee County, ID",1995.0,4640.0,4497.0,143.0,3.1
CN1607500000000,16,75.0,"Payette County, ID",1995.0,9592.0,8921.0,671.0,7.0
CN1607700000000,16,77.0,"Power County, ID",1995.0,3514.0,3272.0,242.0,6.9
CN1607900000000,16,79.0,"Shoshone County, ID",1995.0,6648.0,5948.0,700.0,10.5
CN1608100000000,16,81.0,"Teton County, ID",1995.0,2591.0,2504.0,87.0,3.4
CN1608300000000,16,83.0,"Twin Falls County, ID",1995.0,31981.0,30452.0,1529.0,4.8
CN1608500000000,16,85.0,"Valley County, ID",1995.0,4098.0,3726.0,372.0,9.1
CN1608700000000,16,87.0,"Washington County, ID",1995.0,4375.0,3991.0,384.0,8.8
CN1600100000000,16,1.0,"Ada County, ID",1996.0,150733.0,145670.0,5063.0,3.4
CN1600300000000,16,3.0,"Adams County, ID",1996.0,1833.0,1568.0,265.0,14.5
CN1600500000000,16,5.0,"Bannock County, ID",1996.0,35563.0,33605.0,1958.0,5.5
CN1600700000000,16,7.0,"Bear Lake County, ID",1996.0,2918.0,2772.0,146.0,5.0
CN1600900000000,16,9.0,"Benewah County, ID",1996.0,4326.0,3822.0,504.0,11.7
CN1601100000000,16,11.0,"Bingham County, ID",1996.0,21010.0,19886.0,1124.0,5.3
CN1601300000000,16,13.0,"Blaine County, ID",1996.0,10676.0,10238.0,438.0,4.1
CN1601500000000,16,15.0,"Boise County, ID",1996.0,2474.0,2324.0,150.0,6.1
CN1601700000000,16,17.0,"Bonner County, ID",1996.0,16413.0,14864.0,1549.0,9.4
CN1601900000000,16,19.0,"Bonneville County, ID",1996.0,44311.0,42488.0,1823.0,4.1
CN1602100000000,16,21.0,"Boundary County, ID",1996.0,4412.0,3986.0,426.0,9.7
CN1602300000000,16,23.0,"Butte County, ID",1996.0,1625.0,1547.0,78.0,4.8
CN1602500000000,16,25.0,"Camas County, ID",1996.0,453.0,433.0,20.0,4.4
CN1602700000000,16,27.0,"Canyon County, ID",1996.0,57108.0,54038.0,3070.0,5.4
CN1602900000000,16,29.0,"Caribou County, ID",1996.0,3348.0,3126.0,222.0,6.6
CN1603100000000,16,31.0,"Cassia County, ID",1996.0,9837.0,9217.0,620.0,6.3
CN1603300000000,16,33.0,"Clark County, ID",1996.0,640.0,617.0,23.0,3.6
CN1603500000000,16,35.0,"Clearwater County, ID",1996.0,4141.0,3642.0,499.0,12.1
CN1603700000000,16,37.0,"Custer County, ID",1996.0,2484.0,2330.0,154.0,6.2
CN1603900000000,16,39.0,"Elmore County, ID",1996.0,8765.0,8226.0,539.0,6.1
CN1604100000000,16,41.0,"Franklin County, ID",1996.0,4589.0,4383.0,206.0,4.5
CN1604300000000,16,43.0,"Fremont County, ID",1996.0,4573.0,4207.0,366.0,8.0
CN1604500000000,16,45.0,"Gem County, ID",1996.0,6239.0,5793.0,446.0,7.1
CN1604700000000,16,47.0,"Gooding County, ID",1996.0,6757.0,6470.0,287.0,4.2
CN1604900000000,16,49.0,"Idaho County, ID",1996.0,6571.0,5833.0,738.0,11.2
CN1605100000000,16,51.0,"Jefferson County, ID",1996.0,9502.0,9048.0,454.0,4.8
CN1605300000000,16,53.0,"Jerome County, ID",1996.0,9004.0,8615.0,389.0,4.3
CN1605500000000,16,55.0,"Kootenai County, ID",1996.0,50928.0,46890.0,4038.0,7.9
CN1605700000000,16,57.0,"Latah County, ID",1996.0,15017.0,14524.0,493.0,3.3
CN1605900000000,16,59.0,"Lemhi County, ID",1996.0,4237.0,3886.0,351.0,8.3
CN1606100000000,16,61.0,"Lewis County, ID",1996.0,1652.0,1533.0,119.0,7.2
CN1606300000000,16,63.0,"Lincoln County, ID",1996.0,2186.0,2080.0,106.0,4.8
CN1606500000000,16,65.0,"Madison County, ID",1996.0,9209.0,8907.0,302.0,3.3
CN1606700000000,16,67.0,"Minidoka County, ID",1996.0,10286.0,9550.0,736.0,7.2
CN1606900000000,16,69.0,"Nez Perce County, ID",1996.0,22680.0,21871.0,809.0,3.6
CN1607100000000,16,71.0,"Oneida County, ID",1996.0,1711.0,1658.0,53.0,3.1
CN1607300000000,16,73.0,"Owyhee County, ID",1996.0,4729.0,4583.0,146.0,3.1
CN1607500000000,16,75.0,"Payette County, ID",1996.0,9949.0,9250.0,699.0,7.0
CN1607700000000,16,77.0,"Power County, ID",1996.0,3545.0,3324.0,221.0,6.2
CN1607900000000,16,79.0,"Shoshone County, ID",1996.0,6617.0,5944.0,673.0,10.2
CN1608100000000,16,81.0,"Teton County, ID",1996.0,2690.0,2562.0,128.0,4.8
CN1608300000000,16,83.0,"Twin Falls County, ID",1996.0,32315.0,30850.0,1465.0,4.5
CN1608500000000,16,85.0,"Valley County, ID",1996.0,4207.0,3813.0,394.0,9.4
CN1608700000000,16,87.0,"Washington County, ID",1996.0,4535.0,4167.0,368.0,8.1
CN1600100000000,16,1.0,"Ada County, ID",1997.0,156552.0,151759.0,4793.0,3.1
CN1600300000000,16,3.0,"Adams County, ID",1997.0,1679.0,1430.0,249.0,14.8
CN1600500000000,16,5.0,"Bannock County, ID",1997.0,38860.0,36798.0,2062.0,5.3
CN1600700000000,16,7.0,"Bear Lake County, ID",1997.0,2662.0,2540.0,122.0,4.6
CN1600900000000,16,9.0,"Benewah County, ID",1997.0,4390.0,3957.0,433.0,9.9
CN1601100000000,16,11.0,"Bingham County, ID",1997.0,21536.0,20503.0,1033.0,4.8
CN1601300000000,16,13.0,"Blaine County, ID",1997.0,10749.0,10243.0,506.0,4.7
CN1601500000000,16,15.0,"Boise County, ID",1997.0,2491.0,2331.0,160.0,6.4
CN1601700000000,16,17.0,"Bonner County, ID",1997.0,17075.0,15627.0,1448.0,8.5
CN1601900000000,16,19.0,"Bonneville County, ID",1997.0,45671.0,43956.0,1715.0,3.8
CN1602100000000,16,21.0,"Boundary County, ID",1997.0,4509.0,4121.0,388.0,8.6
CN1602300000000,16,23.0,"Butte County, ID",1997.0,1646.0,1569.0,77.0,4.7
CN1602500000000,16,25.0,"Camas County, ID",1997.0,441.0,422.0,19.0,4.3
CN1602700000000,16,27.0,"Canyon County, ID",1997.0,59921.0,56736.0,3185.0,5.3
CN1602900000000,16,29.0,"Caribou County, ID",1997.0,3279.0,3083.0,196.0,6.0
CN1603100000000,16,31.0,"Cassia County, ID",1997.0,9563.0,8914.0,649.0,6.8
CN1603300000000,16,33.0,"Clark County, ID",1997.0,601.0,574.0,27.0,4.5
CN1603500000000,16,35.0,"Clearwater County, ID",1997.0,4250.0,3743.0,507.0,11.9
CN1603700000000,16,37.0,"Custer County, ID",1997.0,2147.0,1988.0,159.0,7.4
CN1603900000000,16,39.0,"Elmore County, ID",1997.0,8993.0,8449.0,544.0,6.0
CN1604100000000,16,41.0,"Franklin County, ID",1997.0,4555.0,4372.0,183.0,4.0
CN1604300000000,16,43.0,"Fremont County, ID",1997.0,4926.0,4557.0,369.0,7.5
CN1604500000000,16,45.0,"Gem County, ID",1997.0,6331.0,5919.0,412.0,6.5
CN1604700000000,16,47.0,"Gooding County, ID",1997.0,6623.0,6351.0,272.0,4.1
CN1604900000000,16,49.0,"Idaho County, ID",1997.0,6397.0,5723.0,674.0,10.5
CN1605100000000,16,51.0,"Jefferson County, ID",1997.0,9686.0,9272.0,414.0,4.3
CN1605300000000,16,53.0,"Jerome County, ID",1997.0,8754.0,8352.0,402.0,4.6
CN1605500000000,16,55.0,"Kootenai County, ID",1997.0,54255.0,49850.0,4405.0,8.1
CN1605700000000,16,57.0,"Latah County, ID",1997.0,14836.0,14325.0,511.0,3.4
CN1605900000000,16,59.0,"Lemhi County, ID",1997.0,4130.0,3750.0,380.0,9.2
CN1606100000000,16,61.0,"Lewis County, ID",1997.0,1622.0,1501.0,121.0,7.5
CN1606300000000,16,63.0,"Lincoln County, ID",1997.0,1829.0,1726.0,103.0,5.6
CN1606500000000,16,65.0,"Madison County, ID",1997.0,9639.0,9331.0,308.0,3.2
CN1606700000000,16,67.0,"Minidoka County, ID",1997.0,9939.0,9143.0,796.0,8.0
CN1606900000000,16,69.0,"Nez Perce County, ID",1997.0,23258.0,22455.0,803.0,3.5
CN1607100000000,16,71.0,"Oneida County, ID",1997.0,1668.0,1611.0,57.0,3.4
CN1607300000000,16,73.0,"Owyhee County, ID",1997.0,4501.0,4380.0,121.0,2.7
CN1607500000000,16,75.0,"Payette County, ID",1997.0,10151.0,9382.0,769.0,7.6
CN1607700000000,16,77.0,"Power County, ID",1997.0,3513.0,3298.0,215.0,6.1
CN1607900000000,16,79.0,"Shoshone County, ID",1997.0,6775.0,6096.0,679.0,10.0
CN1608100000000,16,81.0,"Teton County, ID",1997.0,2783.0,2656.0,127.0,4.6
CN1608300000000,16,83.0,"Twin Falls County, ID",1997.0,31689.0,30262.0,1427.0,4.5
CN1608500000000,16,85.0,"Valley County, ID",1997.0,4237.0,3832.0,405.0,9.6
CN1608700000000,16,87.0,"Washington County, ID",1997.0,4610.0,4247.0,363.0,7.9
CN1600100000000,16,1.0,"Ada County, ID",1998.0,163205.0,157989.0,5216.0,3.2
CN1600300000000,16,3.0,"Adams County, ID",1998.0,1667.0,1420.0,247.0,14.8
CN1600500000000,16,5.0,"Bannock County, ID",1998.0,39303.0,37349.0,1954.0,5.0
CN1600700000000,16,7.0,"Bear Lake County, ID",1998.0,2859.0,2728.0,131.0,4.6
CN1600900000000,16,9.0,"Benewah County, ID",1998.0,4527.0,3988.0,539.0,11.9
CN1601100000000,16,11.0,"Bingham County, ID",1998.0,21791.0,20710.0,1081.0,5.0
CN1601300000000,16,13.0,"Blaine County, ID",1998.0,10959.0,10522.0,437.0,4.0
CN1601500000000,16,15.0,"Boise County, ID",1998.0,2555.0,2403.0,152.0,5.9
CN1601700000000,16,17.0,"Bonner County, ID",1998.0,17299.0,15869.0,1430.0,8.3
CN1601900000000,16,19.0,"Bonneville County, ID",1998.0,46045.0,44382.0,1663.0,3.6
CN1602100000000,16,21.0,"Boundary County, ID",1998.0,4522.0,4108.0,414.0,9.2
CN1602300000000,16,23.0,"Butte County, ID",1998.0,1617.0,1548.0,69.0,4.3
CN1602500000000,16,25.0,"Camas County, ID",1998.0,411.0,396.0,15.0,3.6
CN1602700000000,16,27.0,"Canyon County, ID",1998.0,62279.0,59149.0,3130.0,5.0
CN1602900000000,16,29.0,"Caribou County, ID",1998.0,3264.0,3069.0,195.0,6.0
CN1603100000000,16,31.0,"Cassia County, ID",1998.0,9655.0,8964.0,691.0,7.2
CN1603300000000,16,33.0,"Clark County, ID",1998.0,590.0,567.0,23.0,3.9
CN1603500000000,16,35.0,"Clearwater County, ID",1998.0,4307.0,3748.0,559.0,13.0
CN1603700000000,16,37.0,"Custer County, ID",1998.0,2135.0,1950.0,185.0,8.7
CN1603900000000,16,39.0,"Elmore County, ID",1998.0,9235.0,8685.0,550.0,6.0
CN1604100000000,16,41.0,"Franklin County, ID",1998.0,4674.0,4509.0,165.0,3.5
CN1604300000000,16,43.0,"Fremont County, ID",1998.0,4968.0,4616.0,352.0,7.1
CN1604500000000,16,45.0,"Gem County, ID",1998.0,6415.0,5967.0,448.0,7.0
CN1604700000000,16,47.0,"Gooding County, ID",1998.0,6702.0,6442.0,260.0,3.9
CN1604900000000,16,49.0,"Idaho County, ID",1998.0,6416.0,5731.0,685.0,10.7
CN1605100000000,16,51.0,"Jefferson County, ID",1998.0,10085.0,9650.0,435.0,4.3
CN1605300000000,16,53.0,"Jerome County, ID",1998.0,9024.0,8613.0,411.0,4.6
CN1605500000000,16,55.0,"Kootenai County, ID",1998.0,55338.0,50992.0,4346.0,7.9
CN1605700000000,16,57.0,"Latah County, ID",1998.0,15038.0,14524.0,514.0,3.4
CN1605900000000,16,59.0,"Lemhi County, ID",1998.0,4085.0,3735.0,350.0,8.6
CN1606100000000,16,61.0,"Lewis County, ID",1998.0,1611.0,1490.0,121.0,7.5
CN1606300000000,16,63.0,"Lincoln County, ID",1998.0,1850.0,1756.0,94.0,5.1
CN1606500000000,16,65.0,"Madison County, ID",1998.0,10193.0,9902.0,291.0,2.9
CN1606700000000,16,67.0,"Minidoka County, ID",1998.0,9900.0,9100.0,800.0,8.1
CN1606900000000,16,69.0,"Nez Perce County, ID",1998.0,23765.0,22863.0,902.0,3.8
CN1607100000000,16,71.0,"Oneida County, ID",1998.0,1762.0,1698.0,64.0,3.6
CN1607300000000,16,73.0,"Owyhee County, ID",1998.0,4536.0,4409.0,127.0,2.8
CN1607500000000,16,75.0,"Payette County, ID",1998.0,10226.0,9490.0,736.0,7.2
CN1607700000000,16,77.0,"Power County, ID",1998.0,3653.0,3444.0,209.0,5.7
CN1607900000000,16,79.0,"Shoshone County, ID",1998.0,6813.0,6048.0,765.0,11.2
CN1608100000000,16,81.0,"Teton County, ID",1998.0,2933.0,2826.0,107.0,3.6
CN1608300000000,16,83.0,"Twin Falls County, ID",1998.0,32394.0,30842.0,1552.0,4.8
CN1608500000000,16,85.0,"Valley County, ID",1998.0,4165.0,3774.0,391.0,9.4
CN1608700000000,16,87.0,"Washington County, ID",1998.0,4669.0,4319.0,350.0,7.5
CN1600100000000,16,1.0,"Ada County, ID",1999.0,166095.0,160959.0,5136.0,3.1
CN1600300000000,16,3.0,"Adams County, ID",1999.0,1607.0,1378.0,229.0,14.3
CN1600500000000,16,5.0,"Bannock County, ID",1999.0,39197.0,37236.0,1961.0,5.0
CN1600700000000,16,7.0,"Bear Lake County, ID",1999.0,2947.0,2818.0,129.0,4.4
CN1600900000000,16,9.0,"Benewah County, ID",1999.0,4411.0,3882.0,529.0,12.0
CN1601100000000,16,11.0,"Bingham County, ID",1999.0,21887.0,20833.0,1054.0,4.8
CN1601300000000,16,13.0,"Blaine County, ID",1999.0,11089.0,10695.0,394.0,3.6
CN1601500000000,16,15.0,"Boise County, ID",1999.0,2462.0,2285.0,177.0,7.2
CN1601700000000,16,17.0,"Bonner County, ID",1999.0,17373.0,15800.0,1573.0,9.1
CN1601900000000,16,19.0,"Bonneville County, ID",1999.0,46383.0,44784.0,1599.0,3.4
CN1602100000000,16,21.0,"Boundary County, ID",1999.0,4459.0,4070.0,389.0,8.7
CN1602300000000,16,23.0,"Butte County, ID",1999.0,1592.0,1532.0,60.0,3.8
CN1602500000000,16,25.0,"Camas County, ID",1999.0,411.0,394.0,17.0,4.1
CN1602700000000,16,27.0,"Canyon County, ID",1999.0,63472.0,60581.0,2891.0,4.6
CN1602900000000,16,29.0,"Caribou County, ID",1999.0,3097.0,2919.0,178.0,5.7
CN1603100000000,16,31.0,"Cassia County, ID",1999.0,9648.0,9028.0,620.0,6.4
CN1603300000000,16,33.0,"Clark County, ID",1999.0,553.0,535.0,18.0,3.3
CN1603500000000,16,35.0,"Clearwater County, ID",1999.0,4060.0,3540.0,520.0,12.8
CN1603700000000,16,37.0,"Custer County, ID",1999.0,1998.0,1845.0,153.0,7.7
CN1603900000000,16,39.0,"Elmore County, ID",1999.0,9213.0,8642.0,571.0,6.2
CN1604100000000,16,41.0,"Franklin County, ID",1999.0,4633.0,4478.0,155.0,3.3
CN1604300000000,16,43.0,"Fremont County, ID",1999.0,4805.0,4492.0,313.0,6.5
CN1604500000000,16,45.0,"Gem County, ID",1999.0,6245.0,5836.0,409.0,6.5
CN1604700000000,16,47.0,"Gooding County, ID",1999.0,6604.0,6379.0,225.0,3.4
CN1604900000000,16,49.0,"Idaho County, ID",1999.0,6244.0,5608.0,636.0,10.2
CN1605100000000,16,51.0,"Jefferson County, ID",1999.0,10274.0,9843.0,431.0,4.2
CN1605300000000,16,53.0,"Jerome County, ID",1999.0,8932.0,8549.0,383.0,4.3
CN1605500000000,16,55.0,"Kootenai County, ID",1999.0,55675.0,51460.0,4215.0,7.6
CN1605700000000,16,57.0,"Latah County, ID",1999.0,14847.0,14386.0,461.0,3.1
CN1605900000000,16,59.0,"Lemhi County, ID",1999.0,3843.0,3550.0,293.0,7.6
CN1606100000000,16,61.0,"Lewis County, ID",1999.0,1536.0,1437.0,99.0,6.4
CN1606300000000,16,63.0,"Lincoln County, ID",1999.0,1866.0,1770.0,96.0,5.1
CN1606500000000,16,65.0,"Madison County, ID",1999.0,10424.0,10170.0,254.0,2.4
CN1606700000000,16,67.0,"Minidoka County, ID",1999.0,9798.0,9095.0,703.0,7.2
CN1606900000000,16,69.0,"Nez Perce County, ID",1999.0,23331.0,22459.0,872.0,3.7
CN1607100000000,16,71.0,"Oneida County, ID",1999.0,1732.0,1667.0,65.0,3.8
CN1607300000000,16,73.0,"Owyhee County, ID",1999.0,4394.0,4212.0,182.0,4.1
CN1607500000000,16,75.0,"Payette County, ID",1999.0,10157.0,9440.0,717.0,7.1
CN1607700000000,16,77.0,"Power County, ID",1999.0,3457.0,3219.0,238.0,6.9
CN1607900000000,16,79.0,"Shoshone County, ID",1999.0,6531.0,5810.0,721.0,11.0
CN1608100000000,16,81.0,"Teton County, ID",1999.0,3087.0,2983.0,104.0,3.4
CN1608300000000,16,83.0,"Twin Falls County, ID",1999.0,32193.0,30714.0,1479.0,4.6
CN1608500000000,16,85.0,"Valley County, ID",1999.0,4036.0,3680.0,356.0,8.8
CN1608700000000,16,87.0,"Washington County, ID",1999.0,4615.0,4247.0,368.0,8.0
